cnnRegion,totalDoses,pop_est_2020,totalDosesPer100,totalDosesPer100Rounded
Latin America and the Caribbean,1270725900,653962000,194.31188662338178,194
North America,697677262,368870000,189.13906308455552,189
Asia,8591194355,4641055000,185.11296149259167,185
Europe,1316390923,747636000,176.07377426983183,176
Oceania,74981427,42678000,175.69105159566988,176
Africa,618907308,1340598000,46.16650987096803,46
