cnnRegion,totalDoses,pop_est_2020,totalDosesPer100,totalDosesPer100Rounded
North America,620194311,368870000,168.1335730745249,168
Europe,1205234928,747636000,161.2061120652296,161
Latin America and the Caribbean,1001748736,653962000,153.18149005599713,153
Oceania,63809099,42678000,149.51286142743334,150
Asia,6909864890,4641055000,148.8856497068016,149
Africa,357212861,1340598000,26.645785015343897,27
