cnnRegion,totalDoses,pop_est_2020,totalDosesPer100,totalDosesPer100Rounded
North America,758563416,368870000,205.6451909886952,206
Latin America and the Caribbean,1314048087,653962000,200.93645915206082,201
Asia,8873784077,4641055000,191.20187278539038,191
Oceania,80684928,42678000,189.055082243779,189
Europe,1355253068,747636000,181.27177771000862,181
Africa,704116832,1340598000,52.522593051757504,53
