cnnRegion,totalDoses,pop_est_2020,totalDosesPer100,totalDosesPer100Rounded
Latin America and the Caribbean,1278106402,653962000,195.44046932390566,195
North America,706067512,368870000,191.4136449155529,191
Asia,8691062212,4641055000,187.26479673263944,187
Europe,1325201439,747636000,177.25222421071217,177
Oceania,75117187,42678000,176.0091545995595,176
Africa,633528843,1340598000,47.25718246633219,47
