cnnRegion,totalDoses,pop_est_2020,totalDosesPer100,totalDosesPer100Rounded
Latin America and the Caribbean,1266694909,653962000,193.6954913282423,194
North America,695912472,368870000,188.66063165885,189
Asia,8547072294,4641055000,184.1622711646382,184
Europe,1312767577,747636000,175.5891338833336,176
Oceania,74895847,42678000,175.49052673508598,175
Africa,609558723,1340598000,45.469165476899114,45
