cnnRegion,totalDoses,pop_est_2020,totalDosesPer100,totalDosesPer100Rounded
North America,767474789,368870000,208.06104833681243,208
Latin America and the Caribbean,1324396541,653962000,202.5188835131093,203
Asia,8986279860,4641055000,193.6257997373442,194
Oceania,80824339,42678000,189.38174000656076,189
Europe,1373710579,747636000,183.7405607809148,184
Africa,757592877,1340598000,56.51156252657397,57
