cnnRegion,totalDoses,pop_est_2020,totalDosesPer100,totalDosesPer100Rounded
North America,653790111,368870000,177.2413346165316,177
Latin America and the Caribbean,1150119532,653962000,175.86947437312872,176
Asia,7882289740,4641055000,169.83831779627693,170
Oceania,72412194,42678000,169.67101082524954,170
Europe,1259108315,747636000,168.41194311135365,168
Africa,473996124,1340598000,35.357066324132965,35
