cnnRegion,totalDoses,pop_est_2020,totalDosesPer100,totalDosesPer100Rounded
North America,734313295,368870000,199.0710263778567,199
Latin America and the Caribbean,1297546204,653962000,198.41308883390778,198
Asia,8778945535,4641055000,189.15840331562543,189
Oceania,80437295,42678000,188.47484652514174,188
Europe,1340308703,747636000,179.2728952324393,179
Africa,682537691,1340598000,50.912927738218315,51
