cnnRegion,totalDoses,pop_est_2020,totalDosesPer100,totalDosesPer100Rounded
North America,511600409,368870000,138.69395966058502,139
Europe,914095573,747636000,122.26478834620056,122
Latin America and the Caribbean,783289046,653962000,119.77592673580422,120
Oceania,48758097,42678000,114.24644313229297,114
Asia,5230368290,4641055000,112.69783034245447,113
Africa,223587631,1340598000,16.678201146055716,17
