cnnRegion,totalDoses,pop_est_2020,totalDosesPer100,totalDosesPer100Rounded
Latin America and the Caribbean,1268725995,653962000,194.00607298283384,194
North America,697621694,368870000,189.12399869872857,189
Asia,8577872386,4641055000,184.82591535760727,185
Europe,1315297560,747636000,175.9275315795387,176
Oceania,74911493,42678000,175.5271873096209,176
Africa,618937802,1340598000,46.168784527501906,46
