cnnRegion,totalDoses,pop_est_2020,totalDosesPer100,totalDosesPer100Rounded
North America,632237490,368870000,171.39845745113456,171
Europe,1234107189,747636000,165.06791928157554,165
Latin America and the Caribbean,1057419794,653962000,161.69437887828343,162
Oceania,67914871,42678000,159.1332091475702,159
Asia,7255593393,4641055000,156.33500126587597,156
Africa,396294435,1340598000,29.56101941074058,30
