cnnRegion,totalDoses,pop_est_2020,totalDosesPer100,totalDosesPer100Rounded
North America,745290344,368870000,202.04688481036678,202
Latin America and the Caribbean,1299388473,653962000,198.6947977099587,199
Asia,8803816010,4641055000,189.69428308865116,190
Oceania,80378691,42678000,188.337529874877,188
Europe,1345491275,747636000,179.96608978165844,180
Africa,689224988,1340598000,51.411757141216086,51
