cnnRegion,totalDoses,pop_est_2020,totalDosesPer100,totalDosesPer100Rounded
North America,769244387,368870000,208.54078320275437,209
Latin America and the Caribbean,1326724773,653962000,202.8749029760139,203
Asia,8990019183,4641055000,193.70637027572394,194
Oceania,80918296,42678000,189.60189324710623,190
Europe,1374446963,747636000,183.83905577045513,184
Africa,774249603,1340598000,57.75404729829524,58
