cnnRegion,totalDoses,pop_est_2020,totalDosesPer100,totalDosesPer100Rounded
North America,629334700,368870000,170.61151625233822,171
Europe,1229801345,747636000,164.49199142363395,164
Latin America and the Caribbean,1041945225,653962000,159.32809933910534,159
Oceania,66839608,42678000,156.61373072777542,157
Asia,7137421187,4641055000,153.78876542079334,154
Africa,375912929,1340598000,28.040689975667576,28
