cnnRegion,totalDoses,pop_est_2020,totalDosesPer100,totalDosesPer100Rounded
North America,740980074,368870000,200.87837829045463,201
Latin America and the Caribbean,1298801335,653962000,198.6050160406874,199
Asia,8794142433,4641055000,189.4858482177005,189
Oceania,80378691,42678000,188.337529874877,188
Europe,1344843954,747636000,179.87950740734797,180
Africa,680640018,1340598000,50.77137352136882,51
