cnnRegion,totalDoses,pop_est_2020,totalDosesPer100,totalDosesPer100Rounded
North America,640043939,368870000,173.51477187084882,174
Latin America and the Caribbean,1105658248,653962000,169.07071787045732,169
Europe,1246560761,747636000,166.7336459186021,167
Oceania,70112827,42678000,164.28330052954686,164
Asia,7482155652,4641055000,161.21669861701704,161
Africa,439717059,1340598000,32.80006825312286,33
