cnnRegion,totalDoses,pop_est_2020,totalDosesPer100,totalDosesPer100Rounded
Latin America and the Caribbean,1247534117,653962000,190.76553637673138,191
North America,686220164,368870000,186.03306422316805,186
Asia,8346392744,4641055000,179.83826401540165,180
Europe,1300545908,747636000,173.95442541557657,174
Oceania,74242439,42678000,173.9595084118281,174
Africa,581615113,1340598000,43.38475165560444,43
