cnnRegion,totalDoses,pop_est_2020,totalDosesPer100,totalDosesPer100Rounded
Latin America and the Caribbean,1263193989,653962000,193.16015135436004,193
North America,694301471,368870000,188.22389215712855,188
Asia,8513059051,4641055000,183.4293937693046,183
Europe,1310807339,747636000,175.32694238907703,175
Oceania,74792187,42678000,175.2476381273724,175
Africa,610117344,1340598000,45.51083501541849,46
