cnnRegion,totalDoses,pop_est_2020,totalDosesPer100,totalDosesPer100Rounded
North America,739969796,368870000,200.60449372407624,201
Latin America and the Caribbean,1298269534,653962000,198.5236961780654,199
Asia,8791824520,4641055000,189.4359045518745,189
Oceania,80378691,42678000,188.337529874877,188
Europe,1344055428,747636000,179.7740381683065,180
Africa,680614824,1340598000,50.7694942107925,51
