cnnRegion,totalDoses,pop_est_2020,totalDosesPer100,totalDosesPer100Rounded
North America,515064922,368870000,139.6331829641879,140
Europe,940730979,747636000,125.82740518113094,126
Latin America and the Caribbean,806095965,653962000,123.26342585654824,123
Asia,5394769117,4641055000,116.24014619520777,116
Oceania,49673566,42678000,116.391503819298,116
Africa,235447463,1340598000,17.562868436324685,18
