cnnRegion,totalDoses,pop_est_2020,totalDosesPer100,totalDosesPer100Rounded
North America,627533883,368870000,170.12331797110093,170
Europe,1223384896,747636000,163.63375974404656,164
Latin America and the Caribbean,1033731648,653962000,158.07212773830895,158
Oceania,66237971,42678000,155.20401846384556,155
Asia,7093943582,4641055000,152.85196107350592,153
Africa,374014869,1340598000,27.89910689110382,28
