cnnRegion,totalDoses,pop_est_2020,totalDosesPer100,totalDosesPer100Rounded
Latin America and the Caribbean,1175229951,653962000,179.7092110856594,180
North America,664405898,368870000,180.11925556429094,180
Asia,7992766074,4641055000,172.21873203398798,172
Oceania,73020502,42678000,171.09635409344392,171
Europe,1272121981,747636000,170.15258508151027,170
Africa,492784163,1340598000,36.75853335600978,37
