cnnRegion,totalDoses,pop_est_2020,totalDosesPer100,totalDosesPer100Rounded
North America,748539581,368870000,202.9277471738011,203
Latin America and the Caribbean,1301410990,653962000,199.00406904376706,199
Asia,8818977285,4641055000,190.0209604281785,190
Oceania,80337958,42678000,188.24208725807208,188
Europe,1348977400,747636000,180.43237618306233,180
Africa,691624768,1340598000,51.59076531518024,52
