cnnRegion,totalDoses,pop_est_2020,totalDosesPer100,totalDosesPer100Rounded
Latin America and the Caribbean,1263839095,653962000,193.25879714723487,193
North America,680124308,368870000,184.38048851899043,184
Asia,8249624991,4641055000,177.75322617379024,178
Europe,1292188926,747636000,172.83663788260597,173
Oceania,73800250,42678000,172.92340315853602,173
Africa,539658288,1340598000,40.25504200364315,40
