cnnRegion,totalDoses,pop_est_2020,totalDosesPer100,totalDosesPer100Rounded
North America,642235529,368870000,174.10890801637433,174
Latin America and the Caribbean,1119371249,653962000,171.16762885305263,171
Europe,1251521666,747636000,167.3971914140036,167
Oceania,70860753,42678000,166.0357865879376,166
Asia,7676969846,4641055000,165.41432596683296,165
Africa,449321666,1340598000,33.51651024393591,34
