cnnRegion,totalDoses,pop_est_2020,totalDosesPer100,totalDosesPer100Rounded
Latin America and the Caribbean,1204942706,653962000,184.25270979047713,184
North America,673950655,368870000,182.70682218667824,183
Asia,8110208770,4641055000,174.7492492547492,175
Oceania,73400490,42678000,171.98671446646983,172
Europe,1277821348,747636000,170.91490350919432,171
Africa,513275098,1340598000,38.287025491608965,38
