cnnRegion,totalDoses,pop_est_2020,totalDosesPer100,totalDosesPer100Rounded
North America,627135751,368870000,170.01538509501992,170
Europe,1221331932,747636000,163.35916569025568,163
Latin America and the Caribbean,1032210882,653962000,157.83958119890758,158
Oceania,65952556,42678000,154.53525469797086,155
Asia,7060640047,4641055000,152.13437563226464,152
Africa,367799015,1340598000,27.435444107778768,27
