cnnRegion,totalDoses,pop_est_2020,totalDosesPer100,totalDosesPer100Rounded
Latin America and the Caribbean,1187254505,653962000,181.54793474238565,182
North America,667383597,368870000,180.9265044595657,181
Asia,8035494717,4641055000,173.13939862811364,173
Oceania,73152665,42678000,171.4060288673321,171
Europe,1274242691,747636000,170.43624049671232,170
Africa,497247138,1340598000,37.09144262485846,37
