cnnRegion,totalDoses,pop_est_2020,totalDosesPer100,totalDosesPer100Rounded
North America,512804541,368870000,139.0203977010871,139
Europe,915272280,747636000,122.42217870728535,122
Latin America and the Caribbean,783747514,653962000,119.84603294992675,120
Oceania,48758097,42678000,114.24644313229297,114
Asia,5232074172,4641055000,112.73458668341574,113
Africa,226944903,1340598000,16.928632073149448,17
