cnnRegion,totalDoses,pop_est_2020,totalDosesPer100,totalDosesPer100Rounded
Latin America and the Caribbean,1236727481,653962000,189.11304953498828,189
North America,682700968,368870000,185.0790164556619,185
Asia,8269346431,4641055000,178.17816059064157,178
Europe,1293264416,747636000,172.98048997105545,173
Oceania,73988868,42678000,173.36535920146213,173
Africa,562665574,1340598000,41.97123776105887,42
