cnnRegion,totalDoses,pop_est_2020,totalDosesPer100,totalDosesPer100Rounded
North America,601051991,368870000,162.9441242172039,163
Europe,1153987594,747636000,154.35152855132714,154
Latin America and the Caribbean,932644682,653962000,142.61450695911995,143
Asia,6593991197,4641055000,142.07957451484629,142
Oceania,58173501,42678000,136.307936173204,136
Africa,334666874,1340598000,24.963999200356856,25
