cnnRegion,totalDoses,pop_est_2020,totalDosesPer100,totalDosesPer100Rounded
North America,622980926,368870000,168.8890194377423,169
Europe,1211003810,747636000,161.977728466794,162
Latin America and the Caribbean,1014544673,653962000,155.13816903734468,155
Oceania,64683873,42678000,151.5625685364825,152
Asia,6963933384,4641055000,150.05065408619376,150
Africa,361217052,1340598000,26.944471944609795,27
