cnnRegion,totalDoses,pop_est_2020,totalDosesPer100,totalDosesPer100Rounded
North America,764865283,368870000,207.35361590804348,207
Latin America and the Caribbean,1320438444,653962000,201.91363473718656,202
Asia,8942649857,4641055000,192.68571169701715,193
Oceania,80748908,42678000,189.20499554805755,189
Europe,1369426947,747636000,183.16760388745325,183
Africa,749536821,1340598000,55.910632493857214,56
