cnnRegion,totalDoses,pop_est_2020,totalDosesPer100,totalDosesPer100Rounded
North America,576276559,368870000,156.22754872990484,156
Europe,1097326992,747636000,146.7728937611351,147
Latin America and the Caribbean,896043328,653962000,137.01764445028917,137
Asia,6217886294,4641055000,133.97570798018984,134
Oceania,54136162,42678000,126.84793570457846,127
Africa,305216136,1340598000,22.76716331070164,23
