cnnRegion,totalDoses,pop_est_2020,totalDosesPer100,totalDosesPer100Rounded
North America,764953189,368870000,207.37744706807274,207
Latin America and the Caribbean,1321752457,653962000,202.1145658310422,202
Asia,8959947702,4641055000,193.0584253364806,193
Oceania,80748908,42678000,189.20499554805755,189
Europe,1369633737,747636000,183.19526306919408,183
Africa,746813684,1340598000,55.70750396464861,56
