cnnRegion,totalDoses,pop_est_2020,totalDosesPer100,totalDosesPer100Rounded
Latin America and the Caribbean,1258983558,653962000,192.5163171560427,193
North America,691939781,368870000,187.5836422045707,188
Asia,8470348953,4641055000,182.50912676104895,183
Europe,1307344003,747636000,174.86370412874714,175
Oceania,74636955,42678000,174.8839097427246,175
Africa,599714206,1340598000,44.734827741052875,45
