cnnRegion,totalDoses,pop_est_2020,totalDosesPer100,totalDosesPer100Rounded
Latin America and the Caribbean,1272761180,653962000,194.62310959964034,195
North America,698992042,368870000,189.49549760078077,189
Asia,8618177598,4641055000,185.69436470802435,186
Europe,1318200404,747636000,176.31580127227687,176
Oceania,75034336,42678000,175.81502413421435,176
Africa,623441271,1340598000,46.504714388653426,47
