cnnRegion,totalDoses,pop_est_2020,totalDosesPer100,totalDosesPer100Rounded
Latin America and the Caribbean,1278336761,653962000,195.47569445931111,195
North America,706145810,368870000,191.43487136389516,191
Asia,8696799122,4641055000,187.38840892857337,187
Europe,1325635813,747636000,177.31032387418477,177
Oceania,75130435,42678000,176.04019635409344,176
Africa,641141444,1340598000,47.82503360440639,48
