cnnRegion,totalDoses,pop_est_2020,totalDosesPer100,totalDosesPer100Rounded
North America,640618148,368870000,173.67043890801637,174
Latin America and the Caribbean,1107864576,653962000,169.4080964949034,169
Europe,1247027754,747636000,166.79610853409946,167
Oceania,70239344,42678000,164.57974600496743,165
Asia,7495831345,4641055000,161.51136638113533,162
Africa,440027157,1340598000,32.823199572131244,33
