cnnRegion,totalDoses,pop_est_2020,totalDosesPer100,totalDosesPer100Rounded
North America,769244387,368870000,208.54078320275437,209
Latin America and the Caribbean,1327953613,653962000,203.06280991861914,203
Asia,8990252730,4641055000,193.71140247206725,194
Oceania,80922572,42678000,189.61191246075262,190
Europe,1374426000,747636000,183.83625186588125,184
Africa,774249603,1340598000,57.75404729829524,58
