cnnRegion,totalDoses,pop_est_2020,totalDosesPer100,totalDosesPer100Rounded
North America,567136591,368870000,153.74971968444166,154
Europe,1073513089,747636000,143.58766685927375,144
Latin America and the Caribbean,883545658,653962000,135.10657469394246,135
Asia,6016179603,4641055000,129.62956920355393,130
Oceania,53543207,42678000,125.4585664745302,125
Africa,304775509,1340598000,22.734295366694564,23
