cnnRegion,totalDoses,pop_est_2020,totalDosesPer100,totalDosesPer100Rounded
Latin America and the Caribbean,1241267277,653962000,189.80724828048113,190
North America,684360135,368870000,185.52881367419417,186
Asia,8296151117,4641055000,178.7557164696389,179
Europe,1297560928,747636000,173.55516962800078,174
Oceania,74173966,42678000,173.79906743521252,174
Africa,563173173,1340598000,42.009101386097846,42
