cnnRegion,totalDoses,pop_est_2020,totalDosesPer100,totalDosesPer100Rounded
North America,761691273,368870000,206.49314745032123,206
Latin America and the Caribbean,1317991040,653962000,201.53939219710014,202
Asia,8925932854,4641055000,192.32551335849283,192
Oceania,80734469,42678000,189.17116312854398,189
Europe,1357219922,747636000,181.5348541268746,182
Africa,741725096,1340598000,55.327927984377126,55
