cnnRegion,totalDoses,pop_est_2020,totalDosesPer100,totalDosesPer100Rounded
North America,768750661,368870000,208.4069349635373,208
Latin America and the Caribbean,1326134859,653962000,202.78469681724624,203
Asia,8987550093,4641055000,193.65316922553168,194
Oceania,80910036,42678000,189.58253901307464,190
Europe,1374037881,747636000,183.7843390366435,184
Africa,771344564,1340598000,57.53735004826205,58
