cnnRegion,totalDoses,pop_est_2020,totalDosesPer100,totalDosesPer100Rounded
North America,620945632,368870000,168.33725485943557,168
Europe,1207989393,747636000,161.5745353353771,162
Latin America and the Caribbean,1005301370,653962000,153.7247378288035,154
Oceania,64130472,42678000,150.2658793757908,150
Asia,6920173875,4641055000,149.1077756027455,149
Africa,357573265,1340598000,26.672668838831626,27
