cnnRegion,totalDoses,pop_est_2020,totalDosesPer100,totalDosesPer100Rounded
Latin America and the Caribbean,1199007158,653962000,183.34508090684167,183
North America,671930103,368870000,182.1590541383143,182
Asia,8087181228,4641055000,174.25307883660074,174
Oceania,73323748,42678000,171.8068981676742,172
Europe,1277209908,747636000,170.83312039548656,171
Africa,509592350,1340598000,38.01231614548134,38
