cnnRegion,totalDoses,pop_est_2020,totalDosesPer100,totalDosesPer100Rounded
North America,764855880,368870000,207.35106677149133,207
Latin America and the Caribbean,1320136990,653962000,201.867538175001,202
Asia,8940766218,4641055000,192.64512525708057,193
Oceania,80748380,42678000,189.2037583766812,189
Europe,1369333924,747636000,183.15516160270505,183
Africa,749536821,1340598000,55.910632493857214,56
