cnnRegion,totalDoses,pop_est_2020,totalDosesPer100,totalDosesPer100Rounded
North America,648752481,368870000,175.87564209613143,176
Latin America and the Caribbean,1139643924,653962000,174.26760637468232,174
Asia,7825297846,4641055000,168.610323428617,169
Oceania,72156389,42678000,169.0716270678101,169
Europe,1256512230,747636000,168.06470394684044,168
Africa,465216186,1340598000,34.70213934378539,35
