cnnRegion,totalDoses,pop_est_2020,totalDosesPer100,totalDosesPer100Rounded
North America,608469075,368870000,164.95488247892212,165
Europe,1172736277,747636000,156.85925731238197,157
Latin America and the Caribbean,958330616,653962000,146.54224802052718,147
Asia,6710002455,4641055000,144.57924879149243,145
Oceania,60077086,42678000,140.76827873846008,141
Africa,332942350,1340598000,24.835360786753373,25
