cnnRegion,totalDoses,pop_est_2020,totalDosesPer100,totalDosesPer100Rounded
North America,767474789,368870000,208.06104833681243,208
Latin America and the Caribbean,1323673904,653962000,202.40838213841172,202
Asia,8975810248,4641055000,193.40021283953757,193
Oceania,80820705,42678000,189.3732250808379,189
Europe,1372878136,747636000,183.6292174266622,184
Africa,746916881,1340598000,55.71520179800358,56
