cnnRegion,totalDoses,pop_est_2020,totalDosesPer100,totalDosesPer100Rounded
North America,538503443,368870000,145.9873242605796,146
Europe,987964333,747636000,132.1450990856513,132
Latin America and the Caribbean,838500644,653962000,128.218557653197,128
Asia,5639303180,4641055000,121.50907886245692,122
Oceania,50986954,42678000,119.46893950044519,119
Africa,254273198,1340598000,18.967147347676185,19
