cnnRegion,totalDoses,pop_est_2020,totalDosesPer100,totalDosesPer100Rounded
North America,760310203,368870000,206.11874183316615,206
Latin America and the Caribbean,1315092384,653962000,201.0961468709191,201
Asia,8910934999,4641055000,192.00235720111053,192
Oceania,80685800,42678000,189.05712545105206,189
Europe,1356760439,747636000,181.473396010893,181
Africa,741653270,1340598000,55.32257022612297,55
