cnnRegion,totalDoses,pop_est_2020,totalDosesPer100,totalDosesPer100Rounded
Latin America and the Caribbean,1246886023,653962000,190.66643367657448,191
North America,686220164,368870000,186.03306422316805,186
Asia,8328221251,4641055000,179.44672603535187,179
Europe,1299314471,747636000,173.78971464723477,174
Oceania,74152177,42678000,173.74801302778948,174
Africa,581435942,1340598000,43.37138664983836,43
