cnnRegion,totalDoses,pop_est_2020,totalDosesPer100,totalDosesPer100Rounded
Latin America and the Caribbean,1263581091,653962000,193.21934470198573,193
North America,680124308,368870000,184.38048851899043,184
Asia,8246066171,4641055000,177.67654490196733,178
Europe,1291740247,747636000,172.7766248548759,173
Oceania,73772164,42678000,172.8575940765734,173
Africa,538450814,1340598000,40.16497219897389,40
