cnnRegion,totalDoses,pop_est_2020,totalDosesPer100,totalDosesPer100Rounded
North America,560324395,368870000,151.90294548214817,152
Europe,1046762039,747636000,140.00958206934925,140
Latin America and the Caribbean,869872809,653962000,133.0158035176356,133
Asia,5924285911,4641055000,127.64955190145344,128
Oceania,52601521,42678000,123.25207601105956,123
Africa,279809862,1340598000,20.872018457434667,21
