cnnRegion,totalDoses,pop_est_2020,totalDosesPer100,totalDosesPer100Rounded
North America,519998763,368870000,140.97073847154823,141
Europe,944985595,747636000,126.3964810415764,126
Latin America and the Caribbean,812267233,653962000,124.20709964799177,124
Asia,5417138286,4641055000,116.72213076552637,117
Oceania,49843216,42678000,116.78901541777967,117
Africa,240780556,1340598000,17.9606829191152,18
