cnnRegion,totalDoses,pop_est_2020,totalDosesPer100,totalDosesPer100Rounded
Latin America and the Caribbean,1239923006,653962000,189.60169031228114,190
North America,684359705,368870000,185.52869710196006,186
Asia,8290423881,4641055000,178.63231271769027,179
Oceania,74115047,42678000,173.66101269975164,174
Europe,1296890503,747636000,173.4654969798137,173
Africa,563103942,1340598000,42.00393719817574,42
