cnnRegion,totalDoses,pop_est_2020,totalDosesPer100,totalDosesPer100Rounded
Latin America and the Caribbean,1274440157,653962000,194.87984882913688,195
North America,699876683,368870000,189.73532220023316,190
Asia,8644065064,4641055000,186.25215740817552,186
Europe,1319185293,747636000,176.44753503041588,176
Oceania,75081950,42678000,175.92658981208115,176
Africa,623751035,1340598000,46.52782079340712,47
