cnnRegion,totalDoses,pop_est_2020,totalDosesPer100,totalDosesPer100Rounded
North America,769244387,368870000,208.54078320275437,209
Latin America and the Caribbean,1327982057,653962000,203.06715940681568,203
Asia,8991231579,4641055000,193.73249356019267,194
Oceania,80922572,42678000,189.61191246075262,190
Europe,1374434887,747636000,183.83744054593413,184
Africa,774321168,1340598000,57.75938558762582,58
