cnnRegion,totalDoses,pop_est_2020,totalDosesPer100,totalDosesPer100Rounded
North America,512984764,368870000,139.06925583538916,139
Europe,921263613,747636000,123.22354902653163,123
Latin America and the Caribbean,789414746,653962000,120.71263253828204,121
Oceania,49196626,42678000,115.27397253854446,115
Asia,5272353523,4641055000,113.60247881139094,114
Africa,228731499,1340598000,17.061900659258033,17
