cnnRegion,totalDoses,pop_est_2020,totalDosesPer100,totalDosesPer100Rounded
Latin America and the Caribbean,1280333815,653962000,195.7810721418064,196
North America,715083100,368870000,193.8577547645512,194
Asia,8745211432,4641055000,188.43154050102834,188
Europe,1330660090,747636000,177.98234568693857,178
Oceania,75229801,42678000,176.27302357186372,176
Africa,649252923,1340598000,48.43009783693546,48
