cnnRegion,totalDoses,pop_est_2020,totalDosesPer100,totalDosesPer100Rounded
Latin America and the Caribbean,1212407678,653962000,185.39420914365056,185
North America,675577734,368870000,183.14792040556293,183
Asia,8134648213,4641055000,175.27584165669228,175
Europe,1284156314,747636000,171.76223643591265,172
Oceania,73496767,42678000,172.21230376306295,172
Africa,517920631,1340598000,38.63355241466868,39
