cnnRegion,totalDoses,pop_est_2020,totalDosesPer100,totalDosesPer100Rounded
Latin America and the Caribbean,1255299544,653962000,191.95297953092077,192
North America,691318449,368870000,187.41520020603463,187
Asia,8414006469,4641055000,181.2951251170262,181
Oceania,74473681,42678000,174.50133792586345,175
Europe,1304365587,747636000,174.46532630852448,174
Africa,595187383,1340598000,44.39715582150652,44
