cnnRegion,totalDoses,pop_est_2020,totalDosesPer100,totalDosesPer100Rounded
Latin America and the Caribbean,1265317786,653962000,193.48490982656486,193
North America,695726981,368870000,188.61034537913085,189
Asia,8533692277,4641055000,183.87397427955497,184
Europe,1311995769,747636000,175.48590075919296,175
Oceania,74818863,42678000,175.31014339940953,175
Africa,610979775,1340598000,45.575166828534734,46
