cnnRegion,totalDoses,pop_est_2020,totalDosesPer100,totalDosesPer100Rounded
Latin America and the Caribbean,1205799623,653962000,184.38374446833302,184
North America,673950655,368870000,182.70682218667824,183
Asia,8114103045,4641055000,174.83315851675968,175
Oceania,73413828,42678000,172.0179671024884,172
Europe,1277919021,747636000,170.92796775436173,171
Africa,513333002,1340598000,38.29134475808557,38
