cnnRegion,totalDoses,pop_est_2020,totalDosesPer100,totalDosesPer100Rounded
North America,512984764,368870000,139.06925583538916,139
Europe,921860503,747636000,123.30338600602433,123
Latin America and the Caribbean,789480542,653962000,120.7226936733327,121
Oceania,49196626,42678000,115.27397253854446,115
Asia,5272386329,4641055000,113.6031856765326,114
Africa,228940669,1340598000,17.077503397737427,17
