cnnRegion,totalDoses,pop_est_2020,totalDosesPer100,totalDosesPer100Rounded
North America,763380989,368870000,206.95122644834223,207
Latin America and the Caribbean,1318703477,653962000,201.64833384814406,202
Asia,8934798713,4641055000,192.51654447103084,193
Oceania,80704026,42678000,189.0998312948123,189
Europe,1358062817,747636000,181.6475954876437,182
Africa,742081131,1340598000,55.35448590852739,55
