cnnRegion,totalDoses,pop_est_2020,totalDosesPer100,totalDosesPer100Rounded
North America,585726250,368870000,158.78934312901563,159
Europe,1116622000,747636000,149.3536961837044,149
Latin America and the Caribbean,907118480,653962000,138.71119117012915,139
Asia,6384497964,4641055000,137.5656604802141,138
Oceania,55305632,42678000,129.58815314682036,130
Africa,320376426,1340598000,23.898023568586556,24
