cnnRegion,totalDoses,pop_est_2020,totalDosesPer100,totalDosesPer100Rounded
Latin America and the Caribbean,1277066656,653962000,195.28147751704228,195
North America,706015824,368870000,191.39963239081519,191
Asia,8684606536,4641055000,187.12569741147217,187
Europe,1323832620,747636000,177.06913792273244,177
Oceania,75100783,42678000,175.9707179342987,176
Africa,633522805,1340598000,47.25673207031489,47
