cnnRegion,totalDoses,pop_est_2020,totalDosesPer100,totalDosesPer100Rounded
North America,630584011,368870000,170.95020223927128,171
Europe,1232805274,747636000,164.89378173335686,165
Latin America and the Caribbean,1052394962,653962000,160.9260112972925,161
Oceania,67427098,42678000,157.99029476545292,158
Asia,7225202108,4641055000,155.68016556580346,156
Africa,393010062,1340598000,29.31602628080901,29
