cnnRegion,totalDoses,pop_est_2020,totalDosesPer100,totalDosesPer100Rounded
North America,659179037,368870000,178.70226285683304,179
Latin America and the Caribbean,1162198204,653962000,177.71647343423624,178
Asia,7946145176,4641055000,171.21419970243835,171
Europe,1268426456,747636000,169.65829039800118,170
Oceania,72726566,42678000,170.4076245372323,170
Africa,479539039,1340598000,35.77053218041501,36
