cnnRegion,totalDoses,pop_est_2020,totalDosesPer100,totalDosesPer100Rounded
North America,766769122,368870000,207.8697432699867,208
Latin America and the Caribbean,1323175997,653962000,202.3322451457424,202
Asia,8971891603,4641055000,193.3157784814013,193
Oceania,80820435,42678000,189.37259243638408,189
Europe,1371991653,747636000,183.51064595605348,184
Africa,746867399,1340598000,55.7115107586316,56
