cnnRegion,totalDoses,pop_est_2020,totalDosesPer100,totalDosesPer100Rounded
North America,628733687,368870000,170.44858269851167,170
Europe,1226931752,747636000,164.1081692160356,164
Latin America and the Caribbean,1038745594,653962000,158.8388306965848,159
Oceania,66649501,42678000,156.16828576784292,156
Asia,7125080564,4641055000,153.52286417635645,154
Africa,375506726,1340598000,28.01038984095158,28
