cnnRegion,totalDoses,pop_est_2020,totalDosesPer100,totalDosesPer100Rounded
North America,767474789,368870000,208.06104833681243,208
Latin America and the Caribbean,1324375273,653962000,202.51563133637737,203
Asia,8980852799,4641055000,193.50886380359637,194
Oceania,80824339,42678000,189.38174000656076,189
Europe,1373602905,747636000,183.72615885270372,184
Africa,757571503,1340598000,56.50996816346138,57
