cnnRegion,totalDoses,pop_est_2020,totalDosesPer100,totalDosesPer100Rounded
North America,660359348,368870000,179.02224306666307,179
Latin America and the Caribbean,1164319262,653962000,178.0408130747658,178
Asia,7956502268,4641055000,171.43736215149357,171
Europe,1268542728,747636000,169.67384235109066,170
Oceania,72752947,42678000,170.46943858662542,170
Africa,479637828,1340598000,35.777901205283015,36
