cnnRegion,totalDoses,pop_est_2020,totalDosesPer100,totalDosesPer100Rounded
Latin America and the Caribbean,1271044901,653962000,194.36066636899392,194
North America,697725650,368870000,189.15218098517093,189
Asia,8593872597,4641055000,185.17066910433078,185
Europe,1316712413,747636000,176.11677514191396,176
Oceania,74986477,42678000,175.70288439008388,176
Africa,618917059,1340598000,46.16723723293635,46
