cnnRegion,totalDoses,pop_est_2020,totalDosesPer100,totalDosesPer100Rounded
North America,637033732,368870000,172.69871011467455,173
Europe,1241128431,747636000,166.00704500585846,166
Latin America and the Caribbean,1081826610,653962000,165.42652478278555,165
Oceania,68958543,42678000,161.57866582314074,162
Asia,7446441775,4641055000,160.4471779584599,160
Africa,420613447,1340598000,31.37506150240415,31
