cnnRegion,totalDoses,pop_est_2020,totalDosesPer100,totalDosesPer100Rounded
North America,739969796,368870000,200.60449372407624,201
Latin America and the Caribbean,1298094536,653962000,198.4969365192473,198
Asia,8791336251,4641055000,189.42538390516813,189
Oceania,80370119,42678000,188.3174445850321,188
Europe,1343831674,747636000,179.7441099679523,180
Africa,680613928,1340598000,50.7694273749476,51
