cnnRegion,totalDoses,pop_est_2020,totalDosesPer100,totalDosesPer100Rounded
North America,567374778,368870000,153.81429175590316,154
Europe,1078719513,747636000,144.2840517310563,144
Latin America and the Caribbean,887632983,653962000,135.7315842510727,136
Asia,6104439581,4641055000,131.53129150591838,132
Oceania,53702734,42678000,125.83235859224892,126
Africa,296514453,1340598000,22.118073650714084,22
