cnnRegion,totalDoses,pop_est_2020,totalDosesPer100,totalDosesPer100Rounded
Latin America and the Caribbean,1215743236,653962000,185.90426293882518,186
North America,676806173,368870000,183.48094803047144,183
Asia,8160285673,4641055000,175.82824752130713,176
Europe,1284682297,747636000,171.83258925466401,172
Oceania,73527489,42678000,172.28428932939687,172
Africa,518040841,1340598000,38.64251930854738,39
