cnnRegion,totalDoses,pop_est_2020,totalDosesPer100,totalDosesPer100Rounded
Latin America and the Caribbean,1253876647,653962000,191.73539853997633,192
North America,688428852,368870000,186.63183560604006,187
Asia,8386814380,4641055000,180.70922193337506,181
Europe,1302362056,747636000,174.19734416213237,174
Oceania,74368388,42678000,174.25462299076807,174
Africa,593768795,1340598000,44.29133826844438,44
