cnnRegion,totalDoses,pop_est_2020,totalDosesPer100,totalDosesPer100Rounded
North America,654941756,368870000,177.55354352481905,178
Latin America and the Caribbean,1153250265,653962000,176.34820754111095,176
Asia,7895148073,4641055000,170.11537404749566,170
Oceania,72482036,42678000,169.83465954355873,170
Europe,1260350513,747636000,168.57809321648503,169
Africa,474214945,1340598000,35.373388965222986,35
