cnnRegion,totalDoses,pop_est_2020,totalDosesPer100,totalDosesPer100Rounded
North America,630480608,368870000,170.92216987014396,171
Europe,1231451129,747636000,164.7126581652034,165
Latin America and the Caribbean,1050493261,653962000,160.63521443141957,161
Oceania,67222262,42678000,157.51033787900087,158
Asia,7209008490,4641055000,155.331244512293,155
Africa,382160092,1340598000,28.506688209291674,29
