cnnRegion,totalDoses,pop_est_2020,totalDosesPer100,totalDosesPer100Rounded
North America,748539581,368870000,202.9277471738011,203
Latin America and the Caribbean,1299746232,653962000,198.74950409962656,199
Asia,8816961542,4641055000,189.97752756646926,190
Oceania,81180028,42678000,190.21516472187074,190
Europe,1347943656,747636000,180.29410782787346,180
Africa,690508109,1340598000,51.50746972619682,52
