cnnRegion,totalDoses,pop_est_2020,totalDosesPer100,totalDosesPer100Rounded
North America,590626965,368870000,160.1179182367772,160
Europe,1123564802,747636000,150.2823301713668,150
Latin America and the Caribbean,911536110,653962000,139.3867090136736,139
Asia,6423866483,4641055000,138.41392707046134,138
Oceania,55810020,42678000,130.76999859412345,131
Africa,320122661,1340598000,23.879094329545474,24
