cnnRegion,totalDoses,pop_est_2020,totalDosesPer100,totalDosesPer100Rounded
North America,657446821,368870000,178.23266218450945,178
Latin America and the Caribbean,1158038640,653962000,177.08041751661412,177
Asia,7923561758,4641055000,170.72759874640573,171
Oceania,72644101,42678000,170.21439851914334,170
Europe,1260841265,747636000,168.64373371533742,169
Africa,474374237,1340598000,35.385271125273945,35
