cnnRegion,totalDoses,pop_est_2020,totalDosesPer100,totalDosesPer100Rounded
North America,656676081,368870000,178.02371594328625,178
Latin America and the Caribbean,1157276247,653962000,176.9638368896052,177
Asia,7914280546,4641055000,170.52761809545459,171
Oceania,72613218,42678000,170.14203570926472,170
Europe,1260649256,747636000,168.61805156520018,169
Africa,474297568,1340598000,35.379552110326884,35
