cnnRegion,totalDoses,pop_est_2020,totalDosesPer100,totalDosesPer100Rounded
Latin America and the Caribbean,1227633748,653962000,187.72248968594505,188
North America,680124308,368870000,184.38048851899043,184
Asia,8231499680,4641055000,177.3626832692136,177
Europe,1290459848,747636000,172.6053651777068,173
Oceania,73731677,42678000,172.76272786915976,173
Africa,528654114,1340598000,39.4342013041941,39
