cnnRegion,totalDoses,pop_est_2020,totalDosesPer100,totalDosesPer100Rounded
Latin America and the Caribbean,1248851174,653962000,190.96693294105773,191
North America,688428852,368870000,186.63183560604006,187
Asia,8370752725,4641055000,180.3631442635349,180
Europe,1301921208,747636000,174.13837856925028,174
Oceania,74313212,42678000,174.12533858193916,174
Africa,593696244,1340598000,44.28592642984698,44
