cnnRegion,totalDoses,pop_est_2020,totalDosesPer100,totalDosesPer100Rounded
Latin America and the Caribbean,1224614339,653962000,187.26077952541584,187
North America,678492202,368870000,183.9380274893594,184
Asia,8208858791,4641055000,176.87484399560014,177
Oceania,73818840,42678000,172.96696190074513,173
Europe,1287781120,747636000,172.24707210460707,172
Africa,528181083,1340598000,39.39891622992127,39
