cnnRegion,totalDoses,pop_est_2020,totalDosesPer100,totalDosesPer100Rounded
North America,767474789,368870000,208.06104833681243,208
Latin America and the Caribbean,1323992681,653962000,202.4571276312691,202
Asia,8976494297,4641055000,193.41495192364667,193
Oceania,80820705,42678000,189.3732250808379,189
Europe,1372891055,747636000,183.63094540658824,184
Africa,746916881,1340598000,55.71520179800358,56
