cnnRegion,totalDoses,pop_est_2020,totalDosesPer100,totalDosesPer100Rounded
North America,600714357,368870000,162.85259224116896,163
Europe,1152063383,747636000,154.0941558458929,154
Asia,6577505774,4641055000,141.72436599006045,142
Latin America and the Caribbean,928638021,653962000,142.00183206363673,142
Oceania,58047215,42678000,136.01203196026054,136
Africa,334331009,1340598000,24.938945828652585,25
