cnnRegion,totalDoses,pop_est_2020,totalDosesPer100,totalDosesPer100Rounded
North America,614721265,368870000,166.64984005205085,167
Europe,1191518547,747636000,159.37147850023274,159
Latin America and the Caribbean,987662014,653962000,151.02743186913003,151
Asia,6826390838,4641055000,147.08704891452481,147
Oceania,62247528,42678000,145.8539013074652,146
Africa,351272255,1340598000,26.20265396487239,26
