cnnRegion,totalDoses,pop_est_2020,totalDosesPer100,totalDosesPer100Rounded
North America,745823692,368870000,202.1914745032125,202
Latin America and the Caribbean,1299641601,653962000,198.7335045461357,199
Asia,8815357060,4641055000,189.94295607356517,190
Oceania,80897626,42678000,189.55346079947515,190
Europe,1347632593,747636000,180.25250161843465,180
Africa,689245981,1340598000,51.413323084175865,51
