cnnRegion,totalDoses,pop_est_2020,totalDosesPer100,totalDosesPer100Rounded
Latin America and the Caribbean,1295686947,653962000,198.1287822534031,198
North America,719272148,368870000,194.99339821617372,195
Asia,8750601540,4641055000,188.54768021495113,189
Europe,1333393194,747636000,178.3479118180505,178
Oceania,75245524,42678000,176.30986456722434,176
Africa,663571912,1340598000,49.49820244398395,49
