cnnRegion,totalDoses,pop_est_2020,totalDosesPer100,totalDosesPer100Rounded
Latin America and the Caribbean,1279866067,653962000,195.70954688498722,196
North America,715011906,368870000,193.8384541979559,194
Asia,8741536717,4641055000,188.35236205991956,188
Europe,1330245097,747636000,177.9268383277424,178
Oceania,75176496,42678000,176.14812315478702,176
Africa,649178889,1340598000,48.424575376063515,48
