cnnRegion,totalDoses,pop_est_2020,totalDosesPer100,totalDosesPer100Rounded
North America,576605386,368870000,156.31669314392605,156
Europe,1100803970,747636000,147.23795670620464,147
Latin America and the Caribbean,899247262,653962000,137.5075710821118,138
Asia,6274310540,4641055000,135.19147133572,135
Oceania,54346085,42678000,127.33981208116593,127
Africa,305985134,1340598000,22.82452562214773,23
