cnnRegion,totalDoses,pop_est_2020,totalDosesPer100,totalDosesPer100Rounded
North America,756239937,368870000,205.01529997017917,205
Latin America and the Caribbean,1311136966,653962000,200.49130775182658,200
Asia,8856091285,4641055000,190.8206492920252,191
Oceania,80649557,42678000,188.97220347720136,189
Europe,1354433392,747636000,181.1621420049329,181
Africa,703666971,1340598000,52.48903631066136,52
