cnnRegion,totalDoses,pop_est_2020,totalDosesPer100,totalDosesPer100Rounded
Latin America and the Caribbean,1274010769,653962000,194.8141893565681,195
North America,699832229,368870000,189.72327080001082,190
Asia,8640721647,4641055000,186.1801173871027,186
Europe,1318945450,747636000,176.41545484701112,176
Oceania,75043723,42678000,175.8370190730587,176
Africa,623750608,1340598000,46.52778894194979,47
