cnnRegion,totalDoses,pop_est_2020,totalDosesPer100,totalDosesPer100Rounded
North America,758551825,368870000,205.6420486892401,206
Latin America and the Caribbean,1313895761,653962000,200.9131663613482,201
Asia,8871410631,4641055000,191.1507325597305,191
Oceania,80684928,42678000,189.055082243779,189
Europe,1355212126,747636000,181.26630151571086,181
Africa,704114415,1340598000,52.52241275908214,53
