cnnRegion,totalDoses,pop_est_2020,totalDosesPer100,totalDosesPer100Rounded
North America,641610410,368870000,173.93943936888334,174
Latin America and the Caribbean,1115978473,653962000,170.64882561983723,171
Europe,1250016733,747636000,167.1958992076358,167
Oceania,70665504,42678000,165.57829326585124,166
Asia,7638976493,4641055000,164.5956898377632,165
Africa,441320736,1340598000,32.91969225673916,33
