cnnRegion,totalDoses,pop_est_2020,totalDosesPer100,totalDosesPer100Rounded
North America,663925499,368870000,179.98902025103695,180
Latin America and the Caribbean,1173707748,653962000,179.47644480871978,179
Asia,7986985055,4641055000,172.0941694291492,172
Oceania,73002099,42678000,171.0532335160973,171
Europe,1271968326,747636000,170.13203296791485,170
Africa,492474411,1340598000,36.735427846379004,37
