cnnRegion,totalDoses,pop_est_2020,totalDosesPer100,totalDosesPer100Rounded
North America,758567744,368870000,205.64636430178655,206
Latin America and the Caribbean,1314536858,653962000,201.01119912166152,201
Asia,8901257423,4641055000,191.7938361644066,192
Oceania,80685800,42678000,189.05712545105206,189
Europe,1356481104,747636000,181.43603357783735,181
Africa,736128004,1340598000,54.91042087187956,55
