cnnRegion,totalDoses,pop_est_2020,totalDosesPer100,totalDosesPer100Rounded
North America,734290858,368870000,199.06494374711957,199
Latin America and the Caribbean,1297467880,653962000,198.40111199121662,198
Asia,8778167692,4641055000,189.14164326861027,189
Oceania,80437295,42678000,188.47484652514174,188
Europe,1340064536,747636000,179.24023669272214,179
Africa,684202527,1340598000,51.03711381040401,51
