cnnRegion,totalDoses,pop_est_2020,totalDosesPer100,totalDosesPer100Rounded
North America,530630382,368870000,143.85295144630902,144
Europe,968201262,747636000,129.50169092981076,130
Latin America and the Caribbean,827577353,653962000,126.54823261902068,127
Asia,5551808910,4641055000,119.62385513638603,120
Oceania,50574249,42678000,118.5019190215099,119
Africa,246247695,1340598000,18.368496372514358,18
