cnnRegion,totalDoses,pop_est_2020,totalDosesPer100,totalDosesPer100Rounded
North America,650079185,368870000,176.23530918751865,176
Latin America and the Caribbean,1141491874,653962000,174.55018395564267,175
Asia,7836296580,4641055000,168.84731122557264,169
Oceania,72243999,42678000,169.27690847743568,169
Europe,1257084020,747636000,168.14118367761853,168
Africa,465448007,1340598000,34.71943170137506,35
