cnnRegion,totalDoses,pop_est_2020,totalDosesPer100,totalDosesPer100Rounded
Latin America and the Caribbean,1279429423,653962000,195.6427778678272,196
North America,710111389,368870000,192.50993276764171,193
Asia,8714042694,4641055000,187.7599531572024,188
Europe,1327656905,747636000,177.58065489088273,178
Oceania,75154149,42678000,176.09576128215943,176
Africa,641329135,1340598000,47.83903414744763,48
