cnnRegion,totalDoses,pop_est_2020,totalDosesPer100,totalDosesPer100Rounded
North America,745290344,368870000,202.04688481036678,202
Latin America and the Caribbean,1299309977,653962000,198.68279456604512,199
Asia,8802900246,4641055000,189.67455128198222,190
Oceania,80378691,42678000,188.337529874877,188
Europe,1345482136,747636000,179.9648673953635,180
Africa,689224165,1340598000,51.4116957507023,51
