cnnRegion,totalDoses,pop_est_2020,totalDosesPer100,totalDosesPer100Rounded
North America,514780060,368870000,139.55595738336,140
Europe,925978910,747636000,123.85424324136345,124
Latin America and the Caribbean,790538817,653962000,120.88451882525284,121
Oceania,49321457,42678000,115.5664675008201,116
Asia,5294922291,4641055000,114.088764106437,114
Africa,231786511,1340598000,17.289784931799094,17
