cnnRegion,totalDoses,pop_est_2020,totalDosesPer100,totalDosesPer100Rounded
Latin America and the Caribbean,1245650028,653962000,190.47743263370043,190
North America,685994213,368870000,185.97180930951282,186
Asia,8321150657,4641055000,179.29437718363604,179
Europe,1298961653,747636000,173.742523500741,174
Oceania,74130129,42678000,173.69635175031632,174
Africa,581490556,1340598000,43.375460503446966,43
