cnnRegion,totalDoses,pop_est_2020,totalDosesPer100,totalDosesPer100Rounded
Latin America and the Caribbean,1275671253,653962000,195.0681007459149,195
North America,702313570,368870000,190.39595792555644,190
Asia,8670871640,4641055000,186.82975401067213,187
Europe,1320980542,747636000,176.68765843271325,177
Oceania,75056019,42678000,175.86583017011105,176
Africa,631957079,1340598000,47.139938967535386,47
