cnnRegion,totalDoses,pop_est_2020,totalDosesPer100,totalDosesPer100Rounded
North America,739969796,368870000,200.60449372407624,201
Latin America and the Caribbean,1298369857,653962000,198.5390369776837,199
Asia,8793128741,4641055000,189.46400637355083,189
Oceania,80378691,42678000,188.337529874877,188
Europe,1344103621,747636000,179.7804842195935,180
Africa,680614824,1340598000,50.7694942107925,51
