cnnRegion,totalDoses,pop_est_2020,totalDosesPer100,totalDosesPer100Rounded
North America,764855880,368870000,207.35106677149133,207
Latin America and the Caribbean,1319964806,653962000,201.8412088164144,202
Asia,8939478931,4641055000,192.61738830933913,193
Oceania,80748380,42678000,189.2037583766812,189
Europe,1369318124,747636000,183.15304827482893,183
Africa,749536821,1340598000,55.910632493857214,56
