cnnRegion,totalDoses,pop_est_2020,totalDosesPer100,totalDosesPer100Rounded
Latin America and the Caribbean,1199868400,653962000,183.47677693810957,183
North America,672161343,368870000,182.2217428904492,182
Asia,8090004843,4641055000,174.3139187749337,174
Oceania,73339507,42678000,171.84382351562866,172
Europe,1277217584,747636000,170.83414709832056,171
Africa,509602424,1340598000,38.013067601174996,38
