cnnRegion,totalDoses,pop_est_2020,totalDosesPer100,totalDosesPer100Rounded
North America,636451255,368870000,172.54080163743325,173
Europe,1240424360,747636000,165.91287203933464,166
Latin America and the Caribbean,1078182192,653962000,164.8692419437215,165
Oceania,68881570,42678000,161.39830826186795,161
Asia,7415602499,4641055000,159.78268947469917,160
Africa,409436445,1340598000,30.54132894424727,31
