cnnRegion,totalDoses,pop_est_2020,totalDosesPer100,totalDosesPer100Rounded
Latin America and the Caribbean,1188241038,653962000,181.6987895321135,182
North America,667798019,368870000,181.03885352563233,181
Asia,8040690897,4641055000,173.2513598093537,173
Oceania,73153907,42678000,171.40893903181967,171
Europe,1274449600,747636000,170.46391559528968,170
Africa,497426199,1340598000,37.10479942533108,37
