cnnRegion,totalDoses,pop_est_2020,totalDosesPer100,totalDosesPer100Rounded
North America,638564310,368870000,173.11364708433865,173
Latin America and the Caribbean,1094928806,653962000,167.4300350784908,167
Europe,1243551895,747636000,166.33119526079537,166
Oceania,69540559,42678000,162.942403580299,163
Asia,7501513496,4641055000,161.63379869447786,162
Africa,423142855,1340598000,31.563739092554215,32
