cnnRegion,totalDoses,pop_est_2020,totalDosesPer100,totalDosesPer100Rounded
North America,758563416,368870000,205.6451909886952,206
Latin America and the Caribbean,1314143309,653962000,200.95101993693825,201
Asia,8876168056,4641055000,191.25323996375826,191
Oceania,80684928,42678000,189.055082243779,189
Europe,1355273567,747636000,181.2745195522955,181
Africa,704118004,1340598000,52.52268047542962,53
