cnnRegion,totalDoses,pop_est_2020,totalDosesPer100,totalDosesPer100Rounded
North America,574590123,368870000,155.7703589340418,156
Europe,1092354397,747636000,146.1077846706151,146
Latin America and the Caribbean,893902901,653962000,136.69034301687256,137
Asia,6177874894,4641055000,133.11358934552598,133
Oceania,53804206,42678000,126.07012043675898,126
Africa,302911935,1340598000,22.595284716223656,23
