cnnRegion,totalDoses,pop_est_2020,totalDosesPer100,totalDosesPer100Rounded
Latin America and the Caribbean,1280323860,653962000,195.77954988210325,196
North America,715077596,368870000,193.85626263995445,194
Asia,8743393624,4641055000,188.3923725101297,188
Europe,1330972404,747636000,178.0241192237934,178
Oceania,75229801,42678000,176.27302357186372,176
Africa,649203163,1340598000,48.4263860605491,48
