cnnRegion,totalDoses,pop_est_2020,totalDosesPer100,totalDosesPer100Rounded
North America,532509795,368870000,144.36245696315774,144
Europe,973099241,747636000,130.15681976255823,130
Latin America and the Caribbean,829504927,653962000,126.84298583098101,127
Asia,5571744309,4641055000,120.05339969037212,120
Oceania,50616946,42678000,118.60196354093443,119
Africa,246853166,1340598000,18.413660620111326,18
