cnnRegion,totalDoses,pop_est_2020,totalDosesPer100,totalDosesPer100Rounded
North America,614218167,368870000,166.5134510803264,167
Europe,1185571911,747636000,158.57608662504214,159
Latin America and the Caribbean,974023031,653962000,148.94183928118147,149
Asia,6791374829,4641055000,146.33256509565174,146
Oceania,61509786,42678000,144.1252776606214,144
Africa,347886385,1340598000,25.950089810666583,26
