cnnRegion,totalDoses,pop_est_2020,totalDosesPer100,totalDosesPer100Rounded
Latin America and the Caribbean,1237501430,653962000,189.23139723714834,189
North America,682700968,368870000,185.0790164556619,185
Asia,8278626656,4641055000,178.3781199748764,178
Oceania,74047096,42678000,173.50179483574675,174
Europe,1293999421,747636000,173.0788005125489,173
Africa,562827636,1340598000,41.98332654531784,42
