cnnRegion,totalDoses,pop_est_2020,totalDosesPer100,totalDosesPer100Rounded
Latin America and the Caribbean,1193956757,653962000,182.5728034656448,183
North America,670838006,368870000,181.862988586765,182
Asia,8072379739,4641055000,173.9341537430606,174
Oceania,73264981,42678000,171.66919958760954,172
Europe,1276807249,747636000,170.77926276958306,171
Africa,508988825,1340598000,37.96729705698502,38
