cnnRegion,totalDoses,pop_est_2020,totalDosesPer100,totalDosesPer100Rounded
North America,590843508,368870000,160.17662265838914,160
Europe,1125137692,747636000,150.4927119614358,150
Latin America and the Caribbean,913934608,653962000,139.75347313758292,140
Asia,6445723179,4641055000,138.88486947472072,139
Oceania,55922266,42678000,131.0330052954684,131
Africa,325058861,1340598000,24.247303143820893,24
