cnnRegion,totalDoses,pop_est_2020,totalDosesPer100,totalDosesPer100Rounded
North America,758563416,368870000,205.6451909886952,206
Latin America and the Caribbean,1314162754,653962000,200.95399335129565,201
Asia,8877946537,4641055000,191.29156058266926,191
Oceania,80684928,42678000,189.055082243779,189
Europe,1355328251,747636000,181.28183380682577,181
Africa,704118240,1340598000,52.52269807951377,53
