cnnRegion,totalDoses,pop_est_2020,totalDosesPer100,totalDosesPer100Rounded
North America,601403692,368870000,163.03946973188386,163
Europe,1158155550,747636000,154.90901320963678,155
Asia,6618489100,4641055000,142.60742654418016,143
Latin America and the Caribbean,938114766,653962000,143.45095984170337,143
Oceania,58500683,42678000,137.07456534982896,137
Africa,338111802,1340598000,25.220968702027008,25
