cnnRegion,totalDoses,pop_est_2020,totalDosesPer100,totalDosesPer100Rounded
North America,768155907,368870000,208.24569821346276,208
Latin America and the Caribbean,1325710308,653962000,202.71977699010034,203
Asia,8986259634,4641055000,193.62536393126132,194
Oceania,80906940,42678000,189.57528469000422,190
Europe,1373885404,747636000,183.76394448635432,184
Africa,769812781,1340598000,57.423088875263126,57
