cnnRegion,totalDoses,pop_est_2020,totalDosesPer100,totalDosesPer100Rounded
Latin America and the Caribbean,1279676880,653962000,195.6806175282356,196
North America,710191507,368870000,192.5316526147423,193
Asia,8724451152,4641055000,187.98422238047166,188
Europe,1328959755,747636000,177.75491749995987,178
Oceania,75176496,42678000,176.14812315478702,176
Africa,641346691,1340598000,47.84034371228362,48
