cnnRegion,totalDoses,pop_est_2020,totalDosesPer100,totalDosesPer100Rounded
Latin America and the Caribbean,1295400703,653962000,198.0850115144305,198
North America,719195851,368870000,194.97271423536748,195
Asia,8741279468,4641055000,188.3468191607296,188
Europe,1331808247,747636000,178.13591734480417,178
Oceania,75231646,42678000,176.27734664229814,176
Africa,661506721,1340598000,49.34415246031995,49
