cnnRegion,totalDoses,pop_est_2020,totalDosesPer100,totalDosesPer100Rounded
North America,750841706,368870000,203.551849160951,204
Latin America and the Caribbean,1308095808,653962000,200.02627186289112,200
Asia,8837170432,4641055000,190.41296498317732,190
Oceania,80559357,42678000,188.7608533670744,189
Europe,1351180283,747636000,180.72702264203434,181
Africa,702097422,1340598000,52.37195803663738,52
