cnnRegion,totalDoses,pop_est_2020,totalDosesPer100,totalDosesPer100Rounded
Latin America and the Caribbean,1265183168,653962000,193.46432483844626,193
North America,695726981,368870000,188.61034537913085,189
Asia,8531681789,4641055000,183.8306546464112,184
Europe,1311937123,747636000,175.4780565676345,175
Oceania,74818863,42678000,175.31014339940953,175
Africa,610969887,1340598000,45.57442924724638,46
