cnnRegion,totalDoses,pop_est_2020,totalDosesPer100,totalDosesPer100Rounded
North America,756340944,368870000,205.04268278797406,205
Latin America and the Caribbean,1313425451,653962000,200.84124933864658,201
Asia,8859918383,4641055000,190.9031111029712,191
Oceania,80650128,42678000,188.97354140306481,189
Europe,1354663069,747636000,181.19286243573077,181
Africa,703667497,1340598000,52.489075546882816,52
