cnnRegion,totalDoses,pop_est_2020,totalDosesPer100,totalDosesPer100Rounded
North America,611755495,368870000,165.84582508742918,166
Europe,1179171177,747636000,157.7199569041619,158
Latin America and the Caribbean,967592335,653962000,147.95849529483365,148
Asia,6759106603,4641055000,145.63728727627662,146
Oceania,60917673,42678000,142.73788134401798,143
Africa,344882074,1340598000,25.725987507067742,26
