cnnRegion,totalDoses,pop_est_2020,totalDosesPer100,totalDosesPer100Rounded
North America,561813732,368870000,152.30670209016728,152
Europe,1055128208,747636000,141.12859840885136,141
Latin America and the Caribbean,871500643,653962000,133.26472226214977,133
Asia,5948136030,4641055000,128.1634462422876,128
Oceania,52861492,42678000,123.86122123810863,124
Africa,287068127,1340598000,21.41343840584575,21
