cnnRegion,totalDoses,pop_est_2020,totalDosesPer100,totalDosesPer100Rounded
Latin America and the Caribbean,1275253462,653962000,195.00421461797475,195
North America,702028862,368870000,190.31877409385422,190
Asia,8665709849,4641055000,186.71853380319777,187
Europe,1320914852,747636000,176.67887207143582,177
Oceania,75125906,42678000,176.02958432916256,176
Africa,631948739,1340598000,47.13931685710407,47
