cnnRegion,totalDoses,pop_est_2020,totalDosesPer100,totalDosesPer100Rounded
Latin America and the Caribbean,1274953247,653962000,194.95830751633886,195
North America,699934305,368870000,189.7509434218017,190
Asia,8658083719,4641055000,186.5542149144968,187
Europe,1319908355,747636000,176.54424813679384,177
Oceania,75104882,42678000,175.98032241435868,176
Africa,631497470,1340598000,47.105655088251666,47
