cnnRegion,totalDoses,pop_est_2020,totalDosesPer100,totalDosesPer100Rounded
Latin America and the Caribbean,1297085530,653962000,198.34264529131661,198
North America,729601373,368870000,197.79363271613306,198
Asia,8770770249,4641055000,188.98225185868301,189
Oceania,80292378,42678000,188.13528750175735,188
Europe,1338914543,747636000,179.08641946080712,179
Africa,669688796,1340598000,49.954482701003585,50
