cnnRegion,totalDoses,pop_est_2020,totalDosesPer100,totalDosesPer100Rounded
Latin America and the Caribbean,1200317702,653962000,183.54548154174094,184
North America,672161343,368870000,182.2217428904492,182
Asia,8093168621,4641055000,174.38208814590647,174
Oceania,73356458,42678000,171.88354187169034,172
Europe,1277608709,747636000,170.8864619948745,171
Africa,509627335,1340598000,38.01492580176906,38
