cnnRegion,totalDoses,pop_est_2020,totalDosesPer100,totalDosesPer100Rounded
North America,663091607,368870000,179.76295361509474,180
Latin America and the Caribbean,1173118376,653962000,179.3863215293855,179
Asia,7978175946,4641055000,171.90436109893116,172
Oceania,72904548,42678000,170.82465907493324,171
Europe,1271540428,747636000,170.0747995013616,170
Africa,488169622,1340598000,36.41431823708524,36
