cnnRegion,totalDoses,pop_est_2020,totalDosesPer100,totalDosesPer100Rounded
North America,547508706,368870000,148.42863502046794,148
Europe,1006882049,747636000,134.67543684359768,135
Latin America and the Caribbean,846586827,653962000,129.45504891721538,129
Asia,5753953433,4641055000,123.97942780251472,124
Oceania,51309578,42678000,120.22488870143869,120
Africa,263976161,1340598000,19.690926064338452,20
