cnnRegion,totalDoses,pop_est_2020,totalDosesPer100,totalDosesPer100Rounded
Latin America and the Caribbean,1179257809,653962000,180.32512730097469,180
North America,665285639,368870000,180.35775178247079,180
Asia,8002228357,4641055000,172.42261419009256,172
Oceania,73040294,42678000,171.14272927503632,171
Europe,1273154592,747636000,170.29070189236472,170
Africa,493264643,1340598000,36.794374077836906,37
