cnnRegion,totalDoses,pop_est_2020,totalDosesPer100,totalDosesPer100Rounded
North America,618329633,368870000,167.6280621899314,168
Europe,1200718993,747636000,160.60208350052702,161
Latin America and the Caribbean,996180753,653962000,152.3300670375343,152
Asia,6885335380,4641055000,148.35711664696927,148
Oceania,63010645,42678000,147.64198181732976,148
Africa,355960139,1340598000,26.552340000507236,27
