cnnRegion,totalDoses,pop_est_2020,totalDosesPer100,totalDosesPer100Rounded
North America,748587475,368870000,202.94073115189636,203
Latin America and the Caribbean,1301442085,653962000,199.00882390719948,199
Asia,8820377471,4641055000,190.051129990918,190
Oceania,80350585,42678000,188.27167393036223,188
Europe,1349187162,747636000,180.4604328844518,180
Africa,691625141,1340598000,51.590793138584424,52
