cnnRegion,totalDoses,pop_est_2020,totalDosesPer100,totalDosesPer100Rounded
North America,673950655,368870000,182.70682218667824,183
Latin America and the Caribbean,1166629946,653962000,178.39414920132975,178
Asia,8115854679,4641055000,174.8709006680593,175
Oceania,73413828,42678000,172.0179671024884,172
Europe,1277924381,747636000,170.9286846807805,171
Africa,513340374,1340598000,38.29189466193445,38
