cnnRegion,totalDoses,pop_est_2020,totalDosesPer100,totalDosesPer100Rounded
North America,740980074,368870000,200.87837829045463,201
Latin America and the Caribbean,1298825559,653962000,198.60872023145075,199
Asia,8794203602,4641055000,189.48716621544023,189
Oceania,80378691,42678000,188.337529874877,188
Europe,1345048777,747636000,179.90690349314374,180
Africa,680640018,1340598000,50.77137352136882,51
