cnnRegion,totalDoses,pop_est_2020,totalDosesPer100,totalDosesPer100Rounded
North America,734358902,368870000,199.08339035432536,199
Latin America and the Caribbean,1297756430,653962000,198.4452353500662,198
Asia,8779136421,4641055000,189.1625163028665,189
Oceania,80370119,42678000,188.3174445850321,188
Europe,1341429281,747636000,179.42277806312163,179
Africa,677304414,1340598000,50.52255888789928,51
