cnnRegion,totalDoses,pop_est_2020,totalDosesPer100,totalDosesPer100Rounded
North America,763388749,368870000,206.9533301705208,207
Latin America and the Caribbean,1319193531,653962000,201.72327000651413,202
Asia,8936326513,4641055000,192.54946371029862,193
Oceania,80728081,42678000,189.1561952293922,189
Europe,1367174825,747636000,182.86637146953865,183
Africa,742098830,1340598000,55.35580614024488,55
