cnnRegion,totalDoses,pop_est_2020,totalDosesPer100,totalDosesPer100Rounded
North America,642720029,368870000,174.24025510342398,174
Latin America and the Caribbean,1125176520,653962000,172.05533654860682,172
Europe,1252264144,747636000,167.4965015060805,167
Asia,7713813463,4641055000,166.2081889354899,166
Oceania,71037455,42678000,166.44982192230188,166
Africa,449874972,1340598000,33.55778331759409,34
