cnnRegion,totalDoses,pop_est_2020,totalDosesPer100,totalDosesPer100Rounded
Latin America and the Caribbean,1258418791,653962000,192.4299563277377,192
North America,691860550,368870000,187.56216282159025,188
Asia,8460745197,4641055000,182.3021963109681,182
Europe,1307229548,747636000,174.84839520836343,175
Oceania,74618785,42678000,174.8413351141103,175
Africa,599702835,1340598000,44.73397953748999,45
