cnnRegion,totalDoses,pop_est_2020,totalDosesPer100,totalDosesPer100Rounded
North America,660359348,368870000,179.02224306666307,179
Latin America and the Caribbean,1164184095,653962000,178.02014413681528,178
Asia,7955765983,4641055000,171.42149754743264,171
Europe,1268541117,747636000,169.67362687190024,170
Oceania,72752947,42678000,170.46943858662542,170
Africa,479618783,1340598000,35.77648057061103,36
