cnnRegion,totalDoses,pop_est_2020,totalDosesPer100,totalDosesPer100Rounded
North America,567366334,368870000,153.81200260254292,154
Europe,1077746408,747636000,144.1538941409991,144
Latin America and the Caribbean,885186398,653962000,135.35746694762082,135
Asia,6060751703,4641055000,130.5899564430932,131
Oceania,53543207,42678000,125.4585664745302,125
Africa,296356193,1340598000,22.10626847123448,22
