cnnRegion,totalDoses,pop_est_2020,totalDosesPer100,totalDosesPer100Rounded
North America,616709359,368870000,167.18880879442622,167
Europe,1194959384,747636000,159.831707408418,160
Latin America and the Caribbean,991808467,653962000,151.66148293020083,152
Asia,6856108531,4641055000,147.72737084563747,148
Oceania,62571208,42678000,146.6123248512114,147
Africa,352418301,1340598000,26.288141635300065,26
