cnnRegion,totalDoses,pop_est_2020,totalDosesPer100,totalDosesPer100Rounded
North America,768155907,368870000,208.24569821346276,208
Latin America and the Caribbean,1324674821,653962000,202.56143644431938,203
Asia,8987297551,4641055000,193.64772774724713,194
Oceania,80906940,42678000,189.57528469000422,190
Europe,1373865332,747636000,183.76125975742207,184
Africa,757594183,1340598000,56.51165994578539,57
