cnnRegion,totalDoses,pop_est_2020,totalDosesPer100,totalDosesPer100Rounded
North America,635279705,368870000,172.22319651909888,172
Europe,1238575118,747636000,165.66552680716285,166
Latin America and the Caribbean,1073177029,653962000,164.1038820298427,164
Oceania,68598585,42678000,160.7352382960776,161
Asia,7380352665,4641055000,159.02316746946545,159
Africa,407789083,1340598000,30.418446320224255,30
