cnnRegion,totalDoses,pop_est_2020,totalDosesPer100,totalDosesPer100Rounded
Latin America and the Caribbean,1273765748,653962000,194.7767221948676,195
North America,699832229,368870000,189.72327080001082,190
Asia,8634248352,4641055000,186.04063843242537,186
Europe,1318892612,747636000,176.4083875040795,176
Oceania,75043723,42678000,175.8370190730587,176
Africa,623739981,1340598000,46.52699623600811,47
