cnnRegion,totalDoses,pop_est_2020,totalDosesPer100,totalDosesPer100Rounded
North America,750743833,368870000,203.52531596497408,204
Latin America and the Caribbean,1307449834,653962000,199.92749334059167,200
Asia,8831764263,4641055000,190.29647920569784,190
Oceania,80404322,42678000,188.39758657856507,188
Europe,1350409480,747636000,180.62392394159724,181
Africa,691896392,1340598000,51.61102672091111,52
