cnnRegion,totalDoses,pop_est_2020,totalDosesPer100,totalDosesPer100Rounded
North America,644936457,368870000,174.84112478651014,175
Latin America and the Caribbean,1132940806,653962000,173.2426052278267,173
Asia,7776727281,4641055000,167.56378196336826,168
Europe,1254253034,747636000,167.76252534655902,168
Oceania,71719247,42678000,168.04734757954918,168
Africa,455250549,1340598000,33.95876683390547,34
