cnnRegion,totalDoses,pop_est_2020,totalDosesPer100,totalDosesPer100Rounded
Latin America and the Caribbean,1264632232,653962000,193.38007896483282,193
North America,695726981,368870000,188.61034537913085,189
Asia,8527683984,4641055000,183.7445146416063,184
Europe,1311596232,747636000,175.4324607161774,175
Oceania,74818863,42678000,175.31014339940953,175
Africa,610900327,1340598000,45.569240518037475,46
