cnnRegion,totalDoses,pop_est_2020,totalDosesPer100,totalDosesPer100Rounded
North America,572772118,368870000,155.27750101661832,155
Europe,1089935013,747636000,145.784180135788,146
Latin America and the Caribbean,891710441,653962000,136.35508500493913,136
Asia,6164756818,4641055000,132.83093645733567,133
Oceania,53780170,42678000,126.01380102160364,126
Africa,302839555,1340598000,22.589885633127903,23
