cnnRegion,totalDoses,pop_est_2020,totalDosesPer100,totalDosesPer100Rounded
North America,621737621,368870000,168.55196166671186,169
Europe,1209064592,747636000,161.71834850114226,162
Latin America and the Caribbean,1009030152,653962000,154.2949211116242,154
Oceania,64313951,42678000,150.69579408594592,151
Asia,6936590302,4641055000,149.46149748279217,149
Africa,357842876,1340598000,26.69278008769221,27
