cnnRegion,totalDoses,pop_est_2020,totalDosesPer100,totalDosesPer100Rounded
Latin America and the Caribbean,1276606255,653962000,195.21107571999596,195
North America,702409944,368870000,190.4220847453032,190
Asia,8680896094,4641055000,187.04574916694588,187
Europe,1322841749,747636000,176.936604042609,177
Oceania,75079892,42678000,175.9217676554665,176
Africa,633509936,1340598000,47.255772125573806,47
