cnnRegion,totalDoses,pop_est_2020,totalDosesPer100,totalDosesPer100Rounded
North America,769244387,368870000,208.54078320275437,209
Latin America and the Caribbean,1328062911,653962000,203.0795231221386,203
Asia,8991326413,4641055000,193.73453693179675,194
Oceania,80922572,42678000,189.61191246075262,190
Europe,1374452836,747636000,183.8398413131524,184
Africa,774321168,1340598000,57.75938558762582,58
