cnnRegion,totalDoses,pop_est_2020,totalDosesPer100,totalDosesPer100Rounded
North America,629917632,368870000,170.76954807926913,171
Europe,1230849591,747636000,164.6321994928013,165
Latin America and the Caribbean,1046522134,653962000,160.0279731849863,160
Oceania,66867139,42678000,156.67823937391628,157
Asia,7178999251,4641055000,154.68464069053266,155
Africa,376181509,1340598000,28.060724318550378,28
