cnnRegion,totalDoses,pop_est_2020,totalDosesPer100,totalDosesPer100Rounded
Latin America and the Caribbean,1275509108,653962000,195.04330649181452,195
North America,702028862,368870000,190.31877409385422,190
Asia,8670717785,4641055000,186.82643892390846,187
Europe,1320969255,747636000,176.6861487408311,177
Oceania,75056019,42678000,175.86583017011105,176
Africa,631957079,1340598000,47.139938967535386,47
