cnnRegion,totalDoses,pop_est_2020,totalDosesPer100,totalDosesPer100Rounded
Latin America and the Caribbean,1218056757,653962000,186.25803288264456,186
North America,677492887,368870000,183.66711497275463,184
Asia,8174630983,4641055000,176.1373434057558,176
Europe,1285151066,747636000,171.89528941891507,172
Oceania,73592295,42678000,172.43613805707858,172
Africa,520874316,1340598000,38.85387834384357,39
