cnnRegion,totalDoses,pop_est_2020,totalDosesPer100,totalDosesPer100Rounded
Latin America and the Caribbean,1189539804,653962000,181.89738914493503,182
North America,668262247,368870000,181.16470490958875,181
Asia,8044421333,4641055000,173.33173886109947,173
Europe,1274746086,747636000,170.5035720591304,171
Oceania,73171003,42678000,171.44899714138433,171
Africa,497486860,1340598000,37.10932434629919,37
