cnnRegion,totalDoses,pop_est_2020,totalDosesPer100,totalDosesPer100Rounded
North America,545911975,368870000,147.99576409032994,148
Europe,1002833977,747636000,134.13398726118058,134
Latin America and the Caribbean,845230983,653962000,129.2477212743248,129
Asia,5723198976,4641055000,123.31676689890554,123
Oceania,51278722,42678000,120.15258915600543,120
Africa,263893545,1340598000,19.684763441389588,20
