cnnRegion,totalDoses,pop_est_2020,totalDosesPer100,totalDosesPer100Rounded
North America,663659388,368870000,179.9168780329113,180
Latin America and the Caribbean,1173440210,653962000,179.43553448059671,179
Asia,7981600735,4641055000,171.9781544282496,172
Oceania,72918750,42678000,170.857936173204,171
Europe,1271575118,747636000,170.07943945984408,170
Africa,488403706,1340598000,36.43177939993943,36
