cnnRegion,totalDoses,pop_est_2020,totalDosesPer100,totalDosesPer100Rounded
North America,552465103,368870000,149.7723054192534,150
Europe,1026633793,747636000,137.31732995735894,137
Latin America and the Caribbean,856895102,653962000,131.03132934329517,131
Asia,5819464229,4641055000,125.39097746094367,125
Oceania,51959089,42678000,121.74677585641314,122
Africa,276212484,1340598000,20.60367716496668,21
