cnnRegion,totalDoses,pop_est_2020,totalDosesPer100,totalDosesPer100Rounded
North America,652385194,368870000,176.86046412015074,177
Latin America and the Caribbean,1147300933,653962000,175.4384708897459,175
Asia,7860840971,4641055000,169.37616492370807,169
Oceania,72299731,42678000,169.40749566521393,169
Europe,1258044584,747636000,168.26966384711278,168
Africa,474378413,1340598000,35.38558262805107,35
