cnnRegion,totalDoses,pop_est_2020,totalDosesPer100,totalDosesPer100Rounded
Latin America and the Caribbean,1191398377,653962000,182.18159113220648,182
North America,669444007,368870000,181.48507794073794,181
Asia,8056324291,4641055000,173.58820981436332,174
Oceania,73214359,42678000,171.55058578190167,172
Europe,1275564153,747636000,170.61299255252555,171
Africa,498322955,1340598000,37.17169166297428,37
