cnnRegion,totalDoses,pop_est_2020,totalDosesPer100,totalDosesPer100Rounded
Latin America and the Caribbean,1228718534,653962000,187.888368743138,188
North America,680124308,368870000,184.38048851899043,184
Asia,8235649652,4641055000,177.45210198974155,177
Europe,1291429073,747636000,172.73500379863998,173
Oceania,73754145,42678000,172.81537326022774,173
Africa,528659318,1340598000,39.43458948916827,39
