cnnRegion,totalDoses,pop_est_2020,totalDosesPer100,totalDosesPer100Rounded
North America,750786220,368870000,203.53680700517796,204
Latin America and the Caribbean,1307507672,653962000,199.9363375853643,200
Asia,8835365359,4641055000,190.37407139109536,190
Oceania,80486280,42678000,188.58962463095742,189
Europe,1350743869,747636000,180.66865011850686,181
Africa,691896690,1340598000,51.61104894979703,52
