cnnRegion,totalDoses,pop_est_2020,totalDosesPer100,totalDosesPer100Rounded
Latin America and the Caribbean,1168837872,653962000,178.73177218248156,179
North America,661252170,368870000,179.26428552064414,179
Asia,7962873669,4641055000,171.57464561398217,172
Oceania,72843463,42678000,170.68152912507614,171
Europe,1269796327,747636000,169.84151739616604,170
Africa,487187129,1340598000,36.34103056993968,36
