cnnRegion,totalDoses,pop_est_2020,totalDosesPer100,totalDosesPer100Rounded
North America,639010516,368870000,173.23461273619432,173
Latin America and the Caribbean,1097667700,653962000,167.84885054483289,168
Europe,1244301978,747636000,166.4315225591063,166
Oceania,69682335,42678000,163.27460283987065,163
Asia,7518417152,4641055000,161.99801881253293,162
Africa,429137197,1340598000,32.01087850347382,32
