cnnRegion,totalDoses,pop_est_2020,totalDosesPer100,totalDosesPer100Rounded
Latin America and the Caribbean,1267209931,653962000,193.774245445454,194
North America,695940130,368870000,188.6681296933879,189
Asia,8551696174,4641055000,184.26190109791847,184
Europe,1313605841,747636000,175.70125582502715,176
Oceania,74906213,42678000,175.51481559585736,176
Africa,609537919,1340598000,45.467613632125364,45
