cnnRegion,totalDoses,pop_est_2020,totalDosesPer100,totalDosesPer100Rounded
North America,662209303,368870000,179.5237625721799,180
Latin America and the Caribbean,1170405154,653962000,178.9714316734,179
Asia,7969855941,4641055000,171.72509140701843,172
Oceania,72865505,42678000,170.7331763437837,171
Europe,1271012330,747636000,170.0041637909357,170
Africa,488022448,1340598000,36.403340001999105,36
