cnnRegion,totalDoses,pop_est_2020,totalDosesPer100,totalDosesPer100Rounded
Latin America and the Caribbean,1219506487,653962000,186.47971701719672,186
North America,678069128,368870000,183.82333288150298,184
Asia,8177359031,4641055000,176.19612417866196,176
Europe,1285451713,747636000,171.9355024370148,172
Oceania,73611853,42678000,172.48196494681102,172
Africa,526952991,1340598000,39.30730845488357,39
