cnnRegion,totalDoses,pop_est_2020,totalDosesPer100,totalDosesPer100Rounded
North America,635711143,368870000,172.34015859245804,172
Europe,1239280501,747636000,165.75987526015334,166
Latin America and the Caribbean,1075576431,653962000,164.4707843880837,164
Oceania,68702540,42678000,160.9788181264352,161
Asia,7394648457,4641055000,159.33119639823272,159
Africa,409365240,1340598000,30.536017508604367,31
