cnnRegion,totalDoses,pop_est_2020,totalDosesPer100,totalDosesPer100Rounded
Latin America and the Caribbean,1214647578,653962000,185.73672139971436,186
North America,676452446,368870000,183.3850532708,183
Asia,8156840040,4641055000,175.75400506996792,176
Europe,1284613320,747636000,171.82336324093544,172
Oceania,73521673,42678000,172.27066169923614,172
Africa,518007578,1340598000,38.640038102399075,39
