cnnRegion,totalDoses,pop_est_2020,totalDosesPer100,totalDosesPer100Rounded
North America,753766414,368870000,204.34473229050886,204
Latin America and the Caribbean,1308849104,653962000,200.14146143048066,200
Asia,8848574620,4641055000,190.65868902652522,191
Oceania,80606354,42678000,188.87097333520785,189
Europe,1352966161,747636000,180.96589262689332,181
Africa,703127143,1340598000,52.4487686092326,52
