cnnRegion,totalDoses,pop_est_2020,totalDosesPer100,totalDosesPer100Rounded
Latin America and the Caribbean,1297449886,653962000,198.39836045519462,198
North America,729782752,368870000,197.84280423997615,198
Asia,8777033357,4641055000,189.11720195084953,189
Oceania,80437295,42678000,188.47484652514174,188
Europe,1339524996,747636000,179.16807055840007,179
Africa,674305115,1340598000,50.29883044730784,50
