cnnRegion,totalDoses,pop_est_2020,totalDosesPer100,totalDosesPer100Rounded
North America,768750661,368870000,208.4069349635373,208
Latin America and the Caribbean,1326570737,653962000,202.8513487022182,203
Asia,8989022109,4641055000,193.6848864967125,194
Oceania,80918296,42678000,189.60189324710623,190
Europe,1374134200,747636000,183.79722217763725,184
Africa,774246650,1340598000,57.75382702346267,58
