cnnRegion,totalDoses,pop_est_2020,totalDosesPer100,totalDosesPer100Rounded
Latin America and the Caribbean,1259389217,653962000,192.57834813031948,193
North America,691939781,368870000,187.5836422045707,188
Asia,8474321577,4641055000,182.59472419525304,183
Europe,1308105174,747636000,174.96551450170938,175
Oceania,74682241,42678000,174.99002061952294,175
Africa,599714206,1340598000,44.734827741052875,45
