cnnRegion,totalDoses,pop_est_2020,totalDosesPer100,totalDosesPer100Rounded
North America,765954755,368870000,207.64896982676822,208
Latin America and the Caribbean,1322225294,653962000,202.18686926763328,202
Asia,8965350113,4641055000,193.17483014099167,193
Oceania,80762472,42678000,189.23677773091524,189
Europe,1370047461,747636000,183.25060069338554,183
Africa,746813684,1340598000,55.70750396464861,56
