cnnRegion,totalDoses,pop_est_2020,totalDosesPer100,totalDosesPer100Rounded
North America,556670149,368870000,150.91228590018164,151
Europe,1040039377,747636000,139.11039289172805,139
Latin America and the Caribbean,865573643,653962000,132.35840048810175,132
Asia,5876998470,4641055000,126.63065768451354,127
Oceania,52410060,42678000,122.80345845634753,123
Africa,279362226,1340598000,20.838627687047122,21
