cnnRegion,totalDoses,pop_est_2020,totalDosesPer100,totalDosesPer100Rounded
North America,760310203,368870000,206.11874183316615,206
Latin America and the Caribbean,1315059865,653962000,201.09117425783148,201
Asia,8910202350,4641055000,191.9865709413054,192
Oceania,80685800,42678000,189.05712545105206,189
Europe,1356718986,747636000,181.4678514678266,181
Africa,741653270,1340598000,55.32257022612297,55
