cnnRegion,totalDoses,pop_est_2020,totalDosesPer100,totalDosesPer100Rounded
North America,734358902,368870000,199.08339035432536,199
Latin America and the Caribbean,1297830496,653962000,198.45656108458903,198
Asia,8782311325,4641055000,189.23092540381444,189
Oceania,80370119,42678000,188.3174445850321,188
Europe,1341999214,747636000,179.4990094109968,179
Africa,677318197,1340598000,50.523587011169646,51
