cnnRegion,totalDoses,pop_est_2020,totalDosesPer100,totalDosesPer100Rounded
Latin America and the Caribbean,1198101727,653962000,183.2066277551295,183
North America,671930103,368870000,182.1590541383143,182
Asia,8083270180,4641055000,174.1688081696942,174
Oceania,73294351,42678000,171.7380172454192,172
Europe,1277153036,747636000,170.8255134851719,171
Africa,509545948,1340598000,38.0088548543262,38
