cnnRegion,totalDoses,pop_est_2020,totalDosesPer100,totalDosesPer100Rounded
North America,641399121,368870000,173.88215929731342,174
Latin America and the Caribbean,1113894493,653962000,170.33015572770282,170
Europe,1249420200,747636000,167.11610997865273,167
Oceania,70656106,42678000,165.55627255260322,166
Asia,7636671896,4641055000,164.5460330894592,165
Africa,441086131,1340598000,32.90219223063141,33
