cnnRegion,totalDoses,pop_est_2020,totalDosesPer100,totalDosesPer100Rounded
North America,521647774,368870000,141.41778241656954,141
Europe,950245928,747636000,127.10007650781931,127
Latin America and the Caribbean,814951406,653962000,124.6175475027601,125
Asia,5446811251,4641055000,117.36148895024945,117
Oceania,50048038,42678000,117.26893950044519,117
Africa,241460393,1340598000,18.011394392651635,18
