cnnRegion,totalDoses,pop_est_2020,totalDosesPer100,totalDosesPer100Rounded
North America,756351039,368870000,205.04541952449372,205
Latin America and the Caribbean,1313681934,653962000,200.88046920157439,201
Asia,8866851592,4641055000,191.05249974413147,191
Oceania,80650128,42678000,188.97354140306481,189
Europe,1355007319,747636000,181.23890756999396,181
Africa,703674160,1340598000,52.489572563885666,52
