cnnRegion,totalDoses,pop_est_2020,totalDosesPer100,totalDosesPer100Rounded
North America,763405583,368870000,206.9578938379375,207
Latin America and the Caribbean,1319604474,653962000,201.78610897880915,202
Asia,8938931104,4641055000,192.60558437682812,193
Oceania,80728081,42678000,189.1561952293922,189
Europe,1367309094,747636000,182.88433061008297,183
Africa,742098830,1340598000,55.35580614024488,55
