cnnRegion,totalDoses,pop_est_2020,totalDosesPer100,totalDosesPer100Rounded
Latin America and the Caribbean,1296184113,653962000,198.2048059367364,198
North America,729601373,368870000,197.79363271613306,198
Asia,8768256691,4641055000,188.92809266427568,189
Oceania,80292378,42678000,188.13528750175735,188
Europe,1338844588,747636000,179.07706263475808,179
Africa,669682245,1340598000,49.95399403848133,50
