cnnRegion,totalDoses,pop_est_2020,totalDosesPer100,totalDosesPer100Rounded
Latin America and the Caribbean,1278381141,653962000,195.48248078634538,195
North America,710086577,368870000,192.50320627863476,193
Asia,8701976285,4641055000,187.49996035384194,187
Europe,1327776186,747636000,177.59660931255317,178
Oceania,75130435,42678000,176.04019635409344,176
Africa,641322084,1340598000,47.838508188136935,48
