cnnRegion,totalDoses,pop_est_2020,totalDosesPer100,totalDosesPer100Rounded
Latin America and the Caribbean,1296508976,653962000,198.25448206470713,198
North America,724961708,368870000,196.53582779841136,197
Asia,8764787964,4641055000,188.85335261055945,189
Europe,1337032933,747636000,178.8347448490977,179
Oceania,75324994,42678000,176.49607291813112,176
Africa,663620625,1340598000,49.501836120895305,50
