cnnRegion,totalDoses,pop_est_2020,totalDosesPer100,totalDosesPer100Rounded
North America,634845357,368870000,172.10544554992273,172
Europe,1238019027,747636000,165.59114689501308,166
Latin America and the Caribbean,1071903284,653962000,163.90910848030927,164
Oceania,68491003,42678000,160.48315994189045,160
Asia,7356218436,4641055000,158.50315146017445,159
Africa,407036588,1340598000,30.36231502657769,30
