cnnRegion,totalDoses,pop_est_2020,totalDosesPer100,totalDosesPer100Rounded
Latin America and the Caribbean,1254792872,653962000,191.8755022463079,192
North America,688787425,368870000,186.7290441076802,187
Asia,8402045673,4641055000,181.03740793849676,181
Europe,1303708672,747636000,174.3774606894264,174
Oceania,74448800,42678000,174.44303856788042,174
Africa,595083159,1340598000,44.38938138054808,44
