cnnRegion,totalDoses,pop_est_2020,totalDosesPer100,totalDosesPer100Rounded
Latin America and the Caribbean,1260963499,653962000,192.8190780198238,193
North America,693866651,368870000,188.1060132295931,188
Asia,8490883091,4641055000,182.9515722395016,183
Europe,1309281306,747636000,175.1228279537101,175
Oceania,74788791,42678000,175.23968086601997,175
Africa,609473302,1340598000,45.462793618967055,45
