cnnRegion,totalDoses,pop_est_2020,totalDosesPer100,totalDosesPer100Rounded
Latin America and the Caribbean,1201535331,653962000,183.73167416455388,184
North America,673950655,368870000,182.70682218667824,183
Asia,8107059239,4641055000,174.6813868613925,175
Oceania,73400490,42678000,171.98671446646983,172
Europe,1277534643,747636000,170.87655530231288,171
Africa,512901737,1340598000,38.2591751591454,38
