cnnRegion,totalDoses,pop_est_2020,totalDosesPer100,totalDosesPer100Rounded
North America,652630120,368870000,176.9268631225093,177
Latin America and the Caribbean,1148072990,653962000,175.5565292784596,176
Asia,7869806084,4641055000,169.56933464481676,170
Oceania,72336719,42678000,169.49416326913166,169
Europe,1258304215,747636000,168.30439077305,168
Africa,474460747,1340598000,35.39172421561124,35
