cnnRegion,totalDoses,pop_est_2020,totalDosesPer100,totalDosesPer100Rounded
North America,609641741,368870000,165.27279014286876,165
Europe,1174826521,747636000,157.13883774992107,157
Latin America and the Caribbean,961381663,653962000,147.0087960768363,147
Asia,6722408065,4641055000,144.846550299447,145
Oceania,60298452,42678000,141.28696752425137,141
Africa,337922075,1340598000,25.20681628646321,25
