cnnRegion,totalDoses,pop_est_2020,totalDosesPer100,totalDosesPer100Rounded
North America,764888071,368870000,207.35979369425542,207
Latin America and the Caribbean,1321614669,653962000,202.09349610527826,202
Asia,8959458491,4641055000,193.04788439266503,193
Oceania,80748908,42678000,189.20499554805755,189
Europe,1369529818,747636000,183.18136339074096,183
Africa,746813684,1340598000,55.70750396464861,56
