cnnRegion,totalDoses,pop_est_2020,totalDosesPer100,totalDosesPer100Rounded
North America,523222439,368870000,141.84467129340962,142
Europe,955224803,747636000,127.7660255792926,128
Latin America and the Caribbean,819287560,653962000,125.28060651842156,125
Asia,5475114814,4641055000,117.9713408696945,118
Oceania,50220332,42678000,117.67264632831905,118
Africa,241914260,1340598000,18.04524995561682,18
