cnnRegion,totalDoses,pop_est_2020,totalDosesPer100,totalDosesPer100Rounded
North America,761705174,368870000,206.49691598666195,206
Latin America and the Caribbean,1318105361,653962000,201.556873488062,202
Asia,8929346797,4641055000,192.3990729909471,192
Oceania,80704026,42678000,189.0998312948123,189
Europe,1357402532,747636000,181.55927911443536,182
Africa,741725096,1340598000,55.327927984377126,55
