cnnRegion,totalDoses,pop_est_2020,totalDosesPer100,totalDosesPer100Rounded
North America,658096812,368870000,178.40887358690054,178
Latin America and the Caribbean,1159782436,653962000,177.34706848410153,177
Asia,7931176575,4641055000,170.8916738758752,171
Oceania,72674581,42678000,170.28581704859647,170
Europe,1261553150,747636000,168.73895184287542,169
Africa,475980686,1340598000,35.505101902285396,36
