cnnRegion,totalDoses,pop_est_2020,totalDosesPer100,totalDosesPer100Rounded
North America,763380989,368870000,206.95122644834223,207
Latin America and the Caribbean,1318846761,653962000,201.67024398971196,202
Asia,8935284111,4641055000,192.5270032568026,193
Oceania,80726446,42678000,189.1523642157552,189
Europe,1366887274,747636000,182.8279101059874,183
Africa,742081131,1340598000,55.35448590852739,55
