cnnRegion,totalDoses,pop_est_2020,totalDosesPer100,totalDosesPer100Rounded
Latin America and the Caribbean,1239525332,653962000,189.54088035696265,190
North America,684359705,368870000,185.52869710196006,186
Asia,8286962985,4641055000,178.55774139716078,179
Oceania,74085794,42678000,173.59246918787196,174
Europe,1294590829,747636000,173.15790424752151,173
Africa,563103942,1340598000,42.00393719817574,42
