cnnRegion,totalDoses,pop_est_2020,totalDosesPer100,totalDosesPer100Rounded
Latin America and the Caribbean,1278387045,653962000,195.4833835910955,195
North America,710086577,368870000,192.50320627863476,193
Asia,8702555813,4641055000,187.512447342253,188
Europe,1327907861,747636000,177.61422149281202,178
Oceania,75130435,42678000,176.04019635409344,176
Africa,641322084,1340598000,47.838508188136935,48
