cnnRegion,totalDoses,pop_est_2020,totalDosesPer100,totalDosesPer100Rounded
Latin America and the Caribbean,1279057691,653962000,195.58593480966783,196
North America,710111389,368870000,192.50993276764171,193
Asia,8706321674,4641055000,187.59358969027517,188
Europe,1328046986,747636000,177.63283014729092,178
Oceania,75154149,42678000,176.09576128215943,176
Africa,641329135,1340598000,47.83903414744763,48
