cnnRegion,totalDoses,pop_est_2020,totalDosesPer100,totalDosesPer100Rounded
North America,633565853,368870000,171.75857429446688,172
Europe,1235900685,747636000,165.30780821148258,165
Latin America and the Caribbean,1064773235,653962000,162.8188235707885,163
Oceania,68152059,42678000,159.6889708983551,160
Asia,7294981313,4641055000,157.18368588607547,157
Africa,396810267,1340598000,29.599497164698143,30
