cnnRegion,totalDoses,pop_est_2020,totalDosesPer100,totalDosesPer100Rounded
Latin America and the Caribbean,1272591690,653962000,194.59719219159524,195
North America,698988914,368870000,189.4946496055521,189
Asia,8615493701,4641055000,185.63653524898973,186
Europe,1318081073,747636000,176.29984016286,176
Oceania,74999713,42678000,175.73389802708655,176
Africa,623432791,1340598000,46.50408183512134,47
