cnnRegion,totalDoses,pop_est_2020,totalDosesPer100,totalDosesPer100Rounded
North America,628733687,368870000,170.44858269851167,170
Europe,1226931752,747636000,164.1081692160356,164
Latin America and the Caribbean,1038745594,653962000,158.8388306965848,159
Oceania,66649501,42678000,156.16828576784292,156
Asia,7127276716,4641055000,153.570184279221,154
Africa,375605505,1340598000,28.017758119883812,28
