cnnRegion,totalDoses,pop_est_2020,totalDosesPer100,totalDosesPer100Rounded
North America,745426013,368870000,202.08366443462467,202
Latin America and the Caribbean,1299599899,653962000,198.72712772301756,199
Asia,8814109048,4641055000,189.9160653773765,190
Oceania,80897626,42678000,189.55346079947515,190
Europe,1347135275,747636000,180.1859828847193,180
Africa,689238522,1340598000,51.4127666906858,51
