cnnRegion,totalDoses,pop_est_2020,totalDosesPer100,totalDosesPer100Rounded
North America,615657897,368870000,166.90375931900127,167
Europe,1193453254,747636000,159.63025509740035,160
Latin America and the Caribbean,989718033,653962000,151.34182613057027,151
Asia,6840294288,4641055000,147.38662411886952,147
Oceania,62461829,42678000,146.35603589671493,146
Africa,352240644,1340598000,26.274889564209403,26
