cnnRegion,totalDoses,pop_est_2020,totalDosesPer100,totalDosesPer100Rounded
North America,622980926,368870000,168.8890194377423,169
Europe,1211083063,747636000,161.98832894617166,162
Latin America and the Caribbean,1014544673,653962000,155.13816903734468,155
Oceania,64683873,42678000,151.5625685364825,152
Asia,6963996327,4641055000,150.0520103080011,150
Africa,361600730,1340598000,26.973091859006203,27
