cnnRegion,totalDoses,pop_est_2020,totalDosesPer100,totalDosesPer100Rounded
North America,609641741,368870000,165.27279014286876,165
Europe,1174796058,747636000,157.13476317352294,157
Latin America and the Caribbean,961381107,653962000,147.00871105660573,147
Asia,6721865970,4641055000,144.83486987333697,145
Oceania,60298452,42678000,141.28696752425137,141
Africa,337818441,1340598000,25.199085855715136,25
