cnnRegion,totalDoses,pop_est_2020,totalDosesPer100,totalDosesPer100Rounded
North America,748657545,368870000,202.95972700409357,203
Latin America and the Caribbean,1304699083,653962000,199.50686477195921,200
Asia,8822689396,4641055000,190.10094463435576,190
Oceania,80350585,42678000,188.27167393036223,188
Europe,1349540196,747636000,180.50765292201018,181
Africa,691874678,1340598000,51.60940699598239,52
