cnnRegion,totalDoses,pop_est_2020,totalDosesPer100,totalDosesPer100Rounded
North America,660675170,368870000,179.10786184834765,179
Latin America and the Caribbean,1164865102,653962000,178.12427969820877,178
Asia,7959356204,4641055000,171.49885541110802,171
Oceania,72804713,42678000,170.5907329303154,171
Europe,1268790762,747636000,169.70701812111776,170
Africa,477567314,1340598000,35.62345416000919,36
