cnnRegion,totalDoses,pop_est_2020,totalDosesPer100,totalDosesPer100Rounded
North America,734313295,368870000,199.0710263778567,199
Latin America and the Caribbean,1297572756,653962000,198.417149008658,198
Asia,8781075624,4641055000,189.20429997058858,189
Oceania,80437295,42678000,188.47484652514174,188
Europe,1341176835,747636000,179.38901216634832,179
Africa,682544365,1340598000,50.91342557575052,51
