cnnRegion,totalDoses,pop_est_2020,totalDosesPer100,totalDosesPer100Rounded
Latin America and the Caribbean,1273072818,653962000,194.67076343885427,195
North America,699814576,368870000,189.7184851031529,190
Asia,8630269175,4641055000,185.95489980187693,186
Europe,1318695512,747636000,176.38202440759943,176
Oceania,75043723,42678000,175.8370190730587,176
Africa,623714400,1340598000,46.525088057717525,47
