cnnRegion,totalDoses,pop_est_2020,totalDosesPer100,totalDosesPer100Rounded
North America,523222439,368870000,141.84467129340962,142
Europe,954630261,747636000,127.6865026563729,128
Latin America and the Caribbean,818756882,653962000,125.19945837831557,125
Asia,5474854545,4641055000,117.96573289909298,118
Oceania,50140713,42678000,117.48608885139885,117
Africa,241914260,1340598000,18.04524995561682,18
