cnnRegion,totalDoses,pop_est_2020,totalDosesPer100,totalDosesPer100Rounded
Latin America and the Caribbean,1186754905,653962000,181.47153886617264,181
North America,666834792,368870000,180.7777244015507,181
Asia,8032065831,4641055000,173.0655170214531,173
Oceania,73136190,42678000,171.36742584001126,171
Europe,1274107532,747636000,170.4181623142813,170
Africa,497073449,1340598000,37.07848654108092,37
