cnnRegion,totalDoses,pop_est_2020,totalDosesPer100,totalDosesPer100Rounded
North America,643157183,368870000,174.3587667742023,174
Latin America and the Caribbean,1126179487,653962000,172.20870432838603,172
Europe,1252638010,747636000,167.54650792631708,168
Asia,7746799084,4641055000,166.9189243394013,167
Oceania,71162540,42678000,166.74291203898963,167
Africa,450256372,1340598000,33.586233307822326,34
