cnnRegion,totalDoses,pop_est_2020,totalDosesPer100,totalDosesPer100Rounded
North America,631722829,368870000,171.25893377070514,171
Europe,1233317305,747636000,164.96226840334066,165
Latin America and the Caribbean,1054151707,653962000,161.19464234924965,161
Oceania,67432121,42678000,158.00206429542152,158
Asia,7244857359,4641055000,156.10367381985347,156
Africa,393118605,1340598000,29.324122891426065,29
