cnnRegion,totalDoses,pop_est_2020,totalDosesPer100,totalDosesPer100Rounded
Latin America and the Caribbean,1181252433,653962000,180.6301334022466,181
North America,666441824,368870000,180.671191476672,181
Asia,8014682278,4641055000,172.69095664671073,173
Oceania,73044332,42678000,171.1521908243123,171
Europe,1273634068,747636000,170.35483417063918,170
Africa,493972996,1340598000,36.847212661812115,37
