cnnRegion,totalDoses,pop_est_2020,totalDosesPer100,totalDosesPer100Rounded
North America,640750447,368870000,173.7063049312766,174
Latin America and the Caribbean,1110979371,653962000,169.88439251821973,170
Europe,1248252306,747636000,166.959898399756,167
Oceania,70407173,42678000,164.97299076807724,165
Asia,7612313916,4641055000,164.02119595652283,164
Africa,440175464,1340598000,32.83426232174,33
