cnnRegion,totalDoses,pop_est_2020,totalDosesPer100,totalDosesPer100Rounded
Latin America and the Caribbean,1266359997,653962000,193.64427856664454,194
North America,695726981,368870000,188.61034537913085,189
Asia,8538495308,4641055000,183.97746434808465,184
Europe,1312023838,747636000,175.4896551262914,175
Oceania,74829239,42678000,175.33445569145695,175
Africa,610981039,1340598000,45.57526111481592,46
