cnnRegion,totalDoses,pop_est_2020,totalDosesPer100,totalDosesPer100Rounded
North America,753766414,368870000,204.34473229050886,204
Latin America and the Caribbean,1309241368,653962000,200.2014441206064,200
Asia,8852509421,4641055000,190.74347149516652,191
Oceania,80606354,42678000,188.87097333520785,189
Europe,1354170195,747636000,181.12693810891932,181
Africa,703663187,1340598000,52.48875404856639,52
