cnnRegion,totalDoses,pop_est_2020,totalDosesPer100,totalDosesPer100Rounded
Latin America and the Caribbean,1280333815,653962000,195.7810721418064,196
North America,715083100,368870000,193.8577547645512,194
Asia,8746252380,4641055000,188.45396962544078,188
Europe,1330684328,747636000,177.9855876389045,178
Oceania,75229801,42678000,176.27302357186372,176
Africa,649259955,1340598000,48.43062237896819,48
