cnnRegion,totalDoses,pop_est_2020,totalDosesPer100,totalDosesPer100Rounded
Latin America and the Caribbean,1266456427,653962000,193.65902407173505,194
North America,696001248,368870000,188.6846986743297,189
Asia,8543136663,4641055000,184.07747081213216,184
Europe,1312559352,747636000,175.56128276326984,176
Oceania,74852655,42678000,175.38932236749613,175
Africa,609546981,1340598000,45.4682895991192,45
