cnnRegion,totalDoses,pop_est_2020,totalDosesPer100,totalDosesPer100Rounded
North America,636095412,368870000,172.44433323393065,172
Europe,1239996931,747636000,165.85570130384303,166
Latin America and the Caribbean,1077502825,653962000,164.7653571614253,165
Oceania,68812174,42678000,161.23570457847134,161
Asia,7404818759,4641055000,159.5503341158422,160
Africa,409371219,1340598000,30.53646350360063,31
