cnnRegion,totalDoses,pop_est_2020,totalDosesPer100,totalDosesPer100Rounded
Latin America and the Caribbean,1272416031,653962000,194.5703314565678,195
North America,698988914,368870000,189.4946496055521,189
Asia,8615476034,4641055000,185.63615458123206,186
Europe,1318071948,747636000,176.29861964913408,176
Oceania,74999713,42678000,175.73389802708655,176
Africa,623342324,1340598000,46.497333578000266,46
