cnnRegion,totalDoses,pop_est_2020,totalDosesPer100,totalDosesPer100Rounded
North America,758567243,368870000,205.6462284815789,206
Latin America and the Caribbean,1314177747,653962000,200.95628599215246,201
Asia,8878925147,4641055000,191.3126465211035,191
Oceania,80684928,42678000,189.055082243779,189
Europe,1355366763,747636000,181.28698497664638,181
Africa,704118320,1340598000,52.52270404699993,53
