cnnRegion,totalDoses,pop_est_2020,totalDosesPer100,totalDosesPer100Rounded
North America,511600409,368870000,138.69395966058502,139
Europe,913747278,747636000,122.21820217325008,122
Latin America and the Caribbean,783169567,653962000,119.75765671399867,120
Oceania,48758097,42678000,114.24644313229297,114
Asia,5229567846,4641055000,112.68058331564698,113
Africa,223367496,1340598000,16.661780489005654,17
