cnnRegion,totalDoses,pop_est_2020,totalDosesPer100,totalDosesPer100Rounded
Latin America and the Caribbean,1257940639,653962000,192.35684015279176,192
North America,691860550,368870000,187.56216282159025,188
Asia,8456042845,4641055000,182.20087555523475,182
Europe,1306441999,747636000,174.74305664788747,175
Oceania,74618785,42678000,174.8413351141103,175
Africa,600460289,1340598000,44.79048074068438,45
