cnnRegion,totalDoses,pop_est_2020,totalDosesPer100,totalDosesPer100Rounded
North America,636695369,368870000,172.60698050803808,173
Europe,1240599348,747636000,165.9362775468276,166
Latin America and the Caribbean,1079463227,653962000,165.06513023692509,165
Oceania,68911208,42678000,161.4677538778762,161
Asia,7433352387,4641055000,160.1651432055858,160
Africa,420497478,1340598000,31.366410959885066,31
