cnnRegion,totalDoses,pop_est_2020,totalDosesPer100,totalDosesPer100Rounded
Latin America and the Caribbean,1220964636,653962000,186.7026885354195,187
North America,678389203,368870000,183.9101046439125,184
Asia,8189276612,4641055000,176.4529102111481,176
Oceania,73623529,42678000,172.50932330474717,173
Europe,1286050378,747636000,172.01557683150622,172
Africa,528996929,1340598000,39.459773101257795,39
