cnnRegion,totalDoses,pop_est_2020,totalDosesPer100,totalDosesPer100Rounded
Latin America and the Caribbean,1254283660,653962000,191.79763655992244,192
North America,688787425,368870000,186.7290441076802,187
Asia,8391955181,4641055000,180.81998987299224,181
Europe,1303064470,747636000,174.29129549673905,174
Oceania,74380984,42678000,174.28413702610243,174
Africa,593787158,1340598000,44.29270803029693,44
