cnnRegion,totalDoses,pop_est_2020,totalDosesPer100,totalDosesPer100Rounded
North America,613130901,368870000,166.2186952042725,166
Europe,1182494362,747636000,158.16444927745587,158
Latin America and the Caribbean,970481146,653962000,148.40023518186072,148
Asia,6778273512,4641055000,146.05027331070198,146
Oceania,61247825,42678000,143.51146960963496,144
Africa,346628734,1340598000,25.8562771240894,26
