cnnRegion,totalDoses,pop_est_2020,totalDosesPer100,totalDosesPer100Rounded
Latin America and the Caribbean,1258620551,653962000,192.46080827326358,192
North America,691860550,368870000,187.56216282159025,188
Asia,8465141024,4641055000,182.39691242616172,182
Europe,1307312256,747636000,174.85945781102035,175
Oceania,74618785,42678000,174.8413351141103,175
Africa,599714206,1340598000,44.734827741052875,45
