cnnRegion,totalDoses,pop_est_2020,totalDosesPer100,totalDosesPer100Rounded
North America,763405583,368870000,206.9578938379375,207
Latin America and the Caribbean,1319755118,653962000,201.809144568033,202
Asia,8941944731,4641055000,192.67051847047708,193
Oceania,80728081,42678000,189.1561952293922,189
Europe,1368722418,747636000,183.07336966117202,183
Africa,749532852,1340598000,55.91033643195051,56
