cnnRegion,totalDoses,pop_est_2020,totalDosesPer100,totalDosesPer100Rounded
Latin America and the Caribbean,1274914850,653962000,194.9524360742673,195
North America,699934305,368870000,189.7509434218017,190
Asia,8659875082,4641055000,186.59281309960772,187
Europe,1320244696,747636000,176.5892354033246,177
Oceania,75104882,42678000,175.98032241435868,176
Africa,631930273,1340598000,47.1379394121131,47
