cnnRegion,totalDoses,pop_est_2020,totalDosesPer100,totalDosesPer100Rounded
North America,582418724,368870000,157.8926787215008,158
Europe,1105302270,747636000,147.83962650273662,148
Latin America and the Caribbean,903267883,653962000,138.12238065820338,138
Asia,6318656185,4641055000,136.14697918899904,136
Oceania,54674297,42678000,128.10885467922583,128
Africa,310823378,1340598000,23.185427548004697,23
