cnnRegion,totalDoses,pop_est_2020,totalDosesPer100,totalDosesPer100Rounded
North America,745290344,368870000,202.04688481036678,202
Latin America and the Caribbean,1299279507,653962000,198.678135273915,199
Asia,8799230233,4641055000,189.59547415404472,190
Oceania,80378691,42678000,188.337529874877,188
Europe,1345369457,747636000,179.94979602373346,180
Africa,689216883,1340598000,51.41115256027534,51
