cnnRegion,totalDoses,pop_est_2020,totalDosesPer100,totalDosesPer100Rounded
Latin America and the Caribbean,1279625060,653962000,195.67269352041862,196
North America,710171832,368870000,192.52631875728576,193
Asia,8716308827,4641055000,187.8087811284288,188
Europe,1329777309,747636000,177.86426937707657,178
Oceania,75176496,42678000,176.14812315478702,176
Africa,641340700,1340598000,47.839896822164434,48
