cnnRegion,totalDoses,pop_est_2020,totalDosesPer100,totalDosesPer100Rounded
Latin America and the Caribbean,1278155027,653962000,195.44790477122524,195
North America,706082871,368870000,191.41780871309675,191
Asia,8693950190,4641055000,187.3270234892713,187
Europe,1325284682,747636000,177.26335837225602,177
Oceania,75130435,42678000,176.04019635409344,176
Africa,640924546,1340598000,47.808854406764745,48
