cnnRegion,totalDoses,pop_est_2020,totalDosesPer100,totalDosesPer100Rounded
Latin America and the Caribbean,1248311525,653962000,190.88441300870693,191
North America,686220164,368870000,186.03306422316805,186
Asia,8353807442,4641055000,179.99802721579468,180
Europe,1301075125,747636000,174.0252107977679,174
Oceania,74257387,42678000,173.9945334832935,174
Africa,584297678,1340598000,43.58485377421121,44
