cnnRegion,totalDoses,pop_est_2020,totalDosesPer100,totalDosesPer100Rounded
Latin America and the Caribbean,1295576885,653962000,198.1119522235237,198
North America,719222172,368870000,194.97984981158675,195
Asia,8743907840,4641055000,188.40345223230494,188
Europe,1332144626,747636000,178.18090969402223,178
Oceania,75231646,42678000,176.27734664229814,176
Africa,662568557,1340598000,49.42335860563718,49
