cnnRegion,totalDoses,pop_est_2020,totalDosesPer100,totalDosesPer100Rounded
North America,768750661,368870000,208.4069349635373,208
Latin America and the Caribbean,1326128101,653962000,202.78366342386866,203
Asia,8987355936,4641055000,193.648985758626,194
Oceania,80906940,42678000,189.57528469000422,190
Europe,1374024328,747636000,183.78252625609252,184
Africa,771344564,1340598000,57.53735004826205,58
