cnnRegion,totalDoses,pop_est_2020,totalDosesPer100,totalDosesPer100Rounded
North America,628198615,368870000,170.3035256323366,170
Europe,1224792953,747636000,163.82209430792525,164
Latin America and the Caribbean,1035661779,653962000,158.3672719515813,158
Oceania,66448798,42678000,155.6980130277895,156
Asia,7105431480,4641055000,153.09948880157634,153
Africa,374292883,1340598000,27.919844949791063,28
