cnnRegion,totalDoses,pop_est_2020,totalDosesPer100,totalDosesPer100Rounded
North America,525404170,368870000,142.43613468159515,142
Europe,955224803,747636000,127.7660255792926,128
Latin America and the Caribbean,819288080,653962000,125.28068603374507,125
Asia,5475114814,4641055000,117.9713408696945,118
Oceania,50220332,42678000,117.67264632831905,118
Africa,241949674,1340598000,18.047891612549027,18
