cnnRegion,totalDoses,pop_est_2020,totalDosesPer100,totalDosesPer100Rounded
Latin America and the Caribbean,1246035764,653962000,190.5364171006878,191
North America,686220164,368870000,186.03306422316805,186
Asia,8326831871,4641055000,179.41678930760355,179
Europe,1299263502,747636000,173.7828972922652,174
Oceania,74145048,42678000,173.73130887108113,174
Africa,581422351,1340598000,43.370372848534764,43
