cnnRegion,totalDoses,pop_est_2020,totalDosesPer100,totalDosesPer100Rounded
Latin America and the Caribbean,1272998770,653962000,194.65944045678495,195
North America,699032103,368870000,189.50635806652753,190
Asia,8626247562,4641055000,185.8682468102619,186
Europe,1318401986,747636000,176.34276385834818,176
Oceania,75038880,42678000,175.82567130605932,176
Africa,623705290,1340598000,46.524408510232,47
