cnnRegion,totalDoses,pop_est_2020,totalDosesPer100,totalDosesPer100Rounded
North America,535831384,368870000,145.26293382492477,145
Europe,983717593,747636000,131.57707667902562,132
Latin America and the Caribbean,834709182,653962000,127.63878971561039,128
Asia,5615418037,4641055000,120.99442986562323,121
Oceania,50868449,42678000,119.1912671634097,119
Africa,254108821,1340598000,18.954885879286707,19
