cnnRegion,totalDoses,pop_est_2020,totalDosesPer100,totalDosesPer100Rounded
North America,532509795,368870000,144.36245696315774,144
Europe,973849769,747636000,130.25720658181254,130
Latin America and the Caribbean,829505511,653962000,126.84307513280588,127
Asia,5574969746,4641055000,120.12289761702888,120
Oceania,50616946,42678000,118.60196354093443,119
Africa,247357382,1340598000,18.451271895079657,18
