cnnRegion,totalDoses,pop_est_2020,totalDosesPer100,totalDosesPer100Rounded
Latin America and the Caribbean,1254920560,653962000,191.8950275398265,192
North America,691318449,368870000,187.41520020603463,187
Asia,8409474216,4641055000,181.1974694546822,181
Oceania,74473681,42678000,174.50133792586345,175
Europe,1304028308,747636000,174.42021357987042,174
Africa,595170993,1340598000,44.39593323278119,44
