cnnRegion,totalDoses,pop_est_2020,totalDosesPer100,totalDosesPer100Rounded
North America,630480608,368870000,170.92216987014396,171
Europe,1231272759,747636000,164.688800298541,165
Latin America and the Caribbean,1047876253,653962000,160.2350370510825,160
Oceania,67166894,42678000,157.3806035896715,157
Asia,7193496621,4641055000,154.99701298519412,155
Africa,376271233,1340598000,28.06741715264382,28
