cnnRegion,totalDoses,pop_est_2020,totalDosesPer100,totalDosesPer100Rounded
North America,740630718,368870000,200.78366850109796,201
Latin America and the Caribbean,1298760154,653962000,198.59871888580682,199
Asia,8793644984,4641055000,189.47512977114042,189
Oceania,80378691,42678000,188.337529874877,188
Europe,1344576454,747636000,179.84372796387547,180
Africa,680631049,1340598000,50.77070449157763,51
