cnnRegion,totalDoses,pop_est_2020,totalDosesPer100,totalDosesPer100Rounded
North America,589199648,368870000,159.73097514029334,160
Europe,1122858856,747636000,150.18790641435137,150
Latin America and the Caribbean,909922379,653962000,139.1399468164817,139
Asia,6421556876,4641055000,138.36416237256398,138
Oceania,55810020,42678000,130.76999859412345,131
Africa,320092972,1340598000,23.876879720841,24
