cnnRegion,totalDoses,pop_est_2020,totalDosesPer100,totalDosesPer100Rounded
Latin America and the Caribbean,1233220409,653962000,188.57676883366312,189
North America,680207008,368870000,184.40290834169218,184
Asia,8254456509,4641055000,177.8573300467243,178
Europe,1324187548,747636000,177.11661129212612,177
Oceania,73941433,42678000,173.2542129434369,173
Africa,539775710,1340598000,40.263800930629465,40
