cnnRegion,totalDoses,pop_est_2020,totalDosesPer100,totalDosesPer100Rounded
North America,638184329,368870000,173.01063491202865,173
Latin America and the Caribbean,1092329938,653962000,167.0326315596319,167
Europe,1243402981,747636000,166.31127727931775,166
Oceania,69458455,42678000,162.75002343127608,163
Asia,7492977133,4641055000,161.44986717459716,161
Africa,423071112,1340598000,31.55838752556695,32
