cnnRegion,totalDoses,pop_est_2020,totalDosesPer100,totalDosesPer100Rounded
Latin America and the Caribbean,1196018335,653962000,182.88804777647633,183
North America,671430718,368870000,182.0236717542766,182
Asia,8076315199,4641055000,174.01895041105954,174
Oceania,73294351,42678000,171.7380172454192,172
Europe,1276993689,747636000,170.8042000385214,171
Africa,509246688,1340598000,37.986531980504225,38
