cnnRegion,totalDoses,pop_est_2020,totalDosesPer100,totalDosesPer100Rounded
North America,756239937,368870000,205.01529997017917,205
Latin America and the Caribbean,1313243089,653962000,200.81336362051618,201
Asia,8859096239,4641055000,190.88539651006076,191
Oceania,80649557,42678000,188.97220347720136,189
Europe,1354439260,747636000,181.1629268788555,181
Africa,703667223,1340598000,52.489055108242745,52
