cnnRegion,totalDoses,pop_est_2020,totalDosesPer100,totalDosesPer100Rounded
North America,760314795,368870000,206.11998671618727,206
Latin America and the Caribbean,1315358480,653962000,201.13683669693344,201
Asia,8920542443,4641055000,192.20936711588206,192
Oceania,80685800,42678000,189.05712545105206,189
Europe,1356928842,747636000,181.49592074217935,181
Africa,741653270,1340598000,55.32257022612297,55
