cnnRegion,totalDoses,pop_est_2020,totalDosesPer100,totalDosesPer100Rounded
North America,768155907,368870000,208.24569821346276,208
Latin America and the Caribbean,1324596645,653962000,202.54948223291262,203
Asia,8987005712,4641055000,193.6414395433797,194
Oceania,80824339,42678000,189.38174000656076,189
Europe,1373824322,747636000,183.75577446778914,184
Africa,757594183,1340598000,56.51165994578539,57
