cnnRegion,totalDoses,pop_est_2020,totalDosesPer100,totalDosesPer100Rounded
Latin America and the Caribbean,1192877429,653962000,182.40775901352066,182
North America,670451663,368870000,181.7582516875864,182
Asia,8068204727,4641055000,173.84419549003405,174
Oceania,73263464,42678000,171.66564506303013,172
Europe,1276485431,747636000,170.73621802588426,171
Africa,508504139,1340598000,37.931142594573465,38
