cnnRegion,totalDoses,pop_est_2020,totalDosesPer100,totalDosesPer100Rounded
Latin America and the Caribbean,1223655570,653962000,187.11417024230767,187
North America,678389203,368870000,183.9101046439125,184
Asia,8205214618,4641055000,176.79632363762119,177
Oceania,73669569,42678000,172.617200899761,173
Europe,1287525335,747636000,172.21285960012628,172
Africa,526890323,1340598000,39.30263382460663,39
