cnnRegion,totalDoses,pop_est_2020,totalDosesPer100,totalDosesPer100Rounded
North America,587477756,368870000,159.2641732859815,159
Europe,1119384266,747636000,149.723162876052,150
Latin America and the Caribbean,908379841,653962000,138.90407103165018,139
Asia,6409043000,4641055000,138.09452807605166,138
Oceania,55570852,42678000,130.20959745067717,130
Africa,319925322,1340598000,23.864374107674337,24
