cnnRegion,totalDoses,pop_est_2020,totalDosesPer100,totalDosesPer100Rounded
North America,748539581,368870000,202.9277471738011,203
Latin America and the Caribbean,1299860823,653962000,198.76702667739104,199
Asia,8821057433,4641055000,190.06578101315327,190
Oceania,81180028,42678000,190.21516472187074,190
Europe,1348977400,747636000,180.43237618306233,180
Africa,690514803,1340598000,51.507969055600554,52
