cnnRegion,totalDoses,pop_est_2020,totalDosesPer100,totalDosesPer100Rounded
North America,750725636,368870000,203.52038279068506,204
Latin America and the Caribbean,1304821043,653962000,199.5255141736064,200
Asia,8827690396,4641055000,190.2087003062881,190
Oceania,80350585,42678000,188.27167393036223,188
Europe,1349824634,747636000,180.54569790646786,181
Africa,691882518,1340598000,51.60999180962526,52
