cnnRegion,totalDoses,pop_est_2020,totalDosesPer100,totalDosesPer100Rounded
Latin America and the Caribbean,1259088098,653962000,192.53230279435195,193
North America,691939781,368870000,187.5836422045707,188
Asia,8474321100,4641055000,182.5947139174175,183
Europe,1308100329,747636000,174.96486645907902,175
Oceania,74722645,42678000,175.08469234734523,175
Africa,599714206,1340598000,44.734827741052875,45
