cnnRegion,totalDoses,pop_est_2020,totalDosesPer100,totalDosesPer100Rounded
North America,595213075,368870000,161.36120448938652,161
Europe,1139876062,747636000,152.46404159243266,152
Latin America and the Caribbean,921639269,653962000,140.9316243145626,141
Asia,6515137407,4641055000,140.38052569943687,140
Oceania,57053762,42678000,133.68424480997234,134
Africa,332898646,1340598000,24.8321007490687,25
