cnnRegion,totalDoses,pop_est_2020,totalDosesPer100,totalDosesPer100Rounded
North America,558653030,368870000,151.44984140754195,151
Europe,1043047051,747636000,139.5126841136596,140
Latin America and the Caribbean,866132394,653962000,132.44384138527926,132
Asia,5900135372,4641055000,127.12918446344634,127
Oceania,52530743,42678000,123.08623412531045,123
Africa,279760862,1340598000,20.868363372166748,21
