cnnRegion,totalDoses,pop_est_2020,totalDosesPer100,totalDosesPer100Rounded
North America,656237908,368870000,177.90492802342288,178
Latin America and the Caribbean,1155586845,653962000,176.7055035307862,177
Asia,7908147791,4641055000,170.39547669657006,170
Oceania,72509836,42678000,169.89979849102582,170
Europe,1260426177,747636000,168.58821364942298,169
Africa,474293394,1340598000,35.37924075673692,35
