cnnRegion,totalDoses,pop_est_2020,totalDosesPer100,totalDosesPer100Rounded
North America,521647774,368870000,141.41778241656954,141
Europe,949485662,747636000,126.9983871830677,127
Latin America and the Caribbean,814950760,653962000,124.61744872026203,125
Asia,5442893255,4641055000,117.27706857600266,117
Oceania,50048038,42678000,117.26893950044519,117
Africa,241396179,1340598000,18.00660444070482,18
