cnnRegion,totalDoses,pop_est_2020,totalDosesPer100,totalDosesPer100Rounded
North America,666147714,368870000,180.59145877951582,181
Latin America and the Caribbean,1180379276,653962000,180.49661539967155,180
Asia,8010824147,4641055000,172.60782617314382,173
Oceania,73040294,42678000,171.14272927503632,171
Europe,1273624258,747636000,170.35352203478698,170
Africa,493631224,1340598000,36.821718665849126,37
