cnnRegion,totalDoses,pop_est_2020,totalDosesPer100,totalDosesPer100Rounded
Latin America and the Caribbean,1256057975,653962000,192.06895431233008,192
North America,691318449,368870000,187.41520020603463,187
Asia,8424363520,4641055000,181.5182866826616,182
Oceania,74511898,42678000,174.5908852336098,175
Europe,1304532171,747636000,174.4876077395952,174
Africa,595201224,1340598000,44.39818827120434,44
