cnnRegion,totalDoses,pop_est_2020,totalDosesPer100,totalDosesPer100Rounded
North America,760310203,368870000,206.11874183316615,206
Latin America and the Caribbean,1315095114,653962000,201.09656432636757,201
Asia,8911385307,4641055000,192.01205990879228,192
Oceania,80685800,42678000,189.05712545105206,189
Europe,1356761964,747636000,181.47359998715953,181
Africa,741653270,1340598000,55.32257022612297,55
