cnnRegion,totalDoses,pop_est_2020,totalDosesPer100,totalDosesPer100Rounded
Latin America and the Caribbean,1186723660,653962000,181.46676106562768,181
North America,666834792,368870000,180.7777244015507,181
Asia,8031976682,4641055000,173.06359614354926,173
Oceania,73136190,42678000,171.36742584001126,171
Europe,1274050245,747636000,170.41049989567117,170
Africa,497073623,1340598000,37.0784995203633,37
