cnnRegion,totalDoses,pop_est_2020,totalDosesPer100,totalDosesPer100Rounded
Latin America and the Caribbean,1256437628,653962000,192.12700860294635,192
North America,691318449,368870000,187.41520020603463,187
Asia,8434056790,4641055000,181.72714587523743,182
Europe,1305651953,747636000,174.63738410135414,175
Oceania,74578714,42678000,174.74744364778104,175
Africa,595696647,1340598000,44.435143644851024,44
