cnnRegion,totalDoses,pop_est_2020,totalDosesPer100,totalDosesPer100Rounded
North America,675101091,368870000,183.01870333721908,183
Latin America and the Caribbean,1167252486,653962000,178.48934433499196,178
Asia,8122190750,4641055000,175.0074228812199,175
Oceania,73470280,42678000,172.1502413421435,172
Europe,1278359216,747636000,170.98684600527528,171
Africa,513500407,1340598000,38.30383209582589,38
