cnnRegion,totalDoses,pop_est_2020,totalDosesPer100,totalDosesPer100Rounded
North America,763402495,368870000,206.95705668663757,207
Latin America and the Caribbean,1319254670,653962000,201.73261902067705,202
Asia,8938487409,4641055000,192.59602415830022,193
Oceania,80728081,42678000,189.1561952293922,189
Europe,1367249760,747636000,182.87639439513345,183
Africa,742098830,1340598000,55.35580614024488,55
