cnnRegion,totalDoses,pop_est_2020,totalDosesPer100,totalDosesPer100Rounded
North America,641879811,368870000,174.0124735001491,174
Latin America and the Caribbean,1116649897,653962000,170.7514958055667,171
Europe,1250503980,747636000,167.2610708954625,167
Oceania,70820913,42678000,165.94243638408548,166
Asia,7643814614,4641055000,164.69993598438288,165
Africa,441503853,1340598000,32.93335160875968,33
