cnnRegion,totalDoses,pop_est_2020,totalDosesPer100,totalDosesPer100Rounded
North America,745358281,368870000,202.06530241006314,202
Latin America and the Caribbean,1299477025,653962000,198.70833855789786,199
Asia,8812077473,4641055000,189.8722913863335,190
Oceania,80897626,42678000,189.55346079947515,190
Europe,1346111295,747636000,180.0490205126559,180
Africa,689231972,1340598000,51.41227810275713,51
