cnnRegion,totalDoses,pop_est_2020,totalDosesPer100,totalDosesPer100Rounded
North America,605533053,368870000,164.15893214411582,164
Europe,1165951862,747636000,155.95180836663832,156
Latin America and the Caribbean,952197146,653962000,145.60435407561906,146
Asia,6671772017,4641055000,143.75550423341247,144
Oceania,59303220,42678000,138.9550119499508,139
Africa,338772675,1340598000,25.27026558297118,25
