cnnRegion,totalDoses,pop_est_2020,totalDosesPer100,totalDosesPer100Rounded
Latin America and the Caribbean,1241171108,653962000,189.79254268596645,190
North America,684360135,368870000,185.52881367419417,186
Asia,8293592114,4641055000,178.7005780797685,179
Europe,1297321054,747636000,173.52308529819325,174
Oceania,74148143,42678000,173.73856085102395,174
Africa,563157243,1340598000,42.00791311041789,42
