cnnRegion,totalDoses,pop_est_2020,totalDosesPer100,totalDosesPer100Rounded
North America,548879922,368870000,148.8003692357741,149
Europe,1014255809,747636000,135.66171358789572,136
Latin America and the Caribbean,849733553,653962000,129.9362276401381,130
Asia,5776944735,4641055000,124.47481736372441,124
Oceania,51572489,42678000,120.84092272365152,121
Africa,268695693,1340598000,20.04297283749491,20
