cnnRegion,totalDoses,pop_est_2020,totalDosesPer100,totalDosesPer100Rounded
Latin America and the Caribbean,1191246897,653962000,182.15842770680865,182
North America,668642468,368870000,181.2677821454713,181
Asia,8050694611,4641055000,173.4669080844765,173
Oceania,73203134,42678000,171.52428417451614,172
Europe,1275484259,747636000,170.60230633623848,171
Africa,497962767,1340598000,37.144823951699166,37
