cnnRegion,totalDoses,pop_est_2020,totalDosesPer100,totalDosesPer100Rounded
North America,633008349,368870000,171.6074359530458,172
Europe,1235686625,747636000,165.2791766314089,165
Latin America and the Caribbean,1063961115,653962000,162.69463898513982,163
Oceania,68052020,42678000,159.4545667557055,159
Asia,7284856018,4641055000,156.96551792641975,157
Africa,396656295,1340598000,29.58801184247627,30
