cnnRegion,totalDoses,pop_est_2020,totalDosesPer100,totalDosesPer100Rounded
North America,766769122,368870000,207.8697432699867,208
Latin America and the Caribbean,1323237100,653962000,202.3415886549983,202
Asia,8972727246,4641055000,193.33378393490273,193
Oceania,80820435,42678000,189.37259243638408,189
Europe,1372002835,747636000,183.51214160366808,184
Africa,746916881,1340598000,55.71520179800358,56
