cnnRegion,totalDoses,pop_est_2020,totalDosesPer100,totalDosesPer100Rounded
North America,563383947,368870000,152.7323845799333,153
Europe,1060797807,747636000,141.88693521981287,142
Latin America and the Caribbean,877999552,653962000,134.25849697688855,134
Asia,5962032575,4641055000,128.46287266580552,128
Oceania,53090491,42678000,124.39779511692205,124
Africa,287141264,1340598000,21.418893956279213,21
