cnnRegion,totalDoses,pop_est_2020,totalDosesPer100,totalDosesPer100Rounded
North America,761709226,368870000,206.4980144766449,206
Latin America and the Caribbean,1318650310,653962000,201.64020386505638,202
Asia,8932799942,4641055000,192.47347730203586,192
Oceania,80704026,42678000,189.0998312948123,189
Europe,1357822327,747636000,181.6154287648,182
Africa,742081131,1340598000,55.35448590852739,55
