cnnRegion,totalDoses,pop_est_2020,totalDosesPer100,totalDosesPer100Rounded
Latin America and the Caribbean,1297308148,653962000,198.3766867188002,198
North America,729666550,368870000,197.8113020847453,198
Asia,8775330105,4641055000,189.08050227803807,189
Oceania,80437295,42678000,188.47484652514174,188
Europe,1339410687,747636000,179.152781166236,179
Africa,669695543,1340598000,49.9549859838669,50
