cnnRegion,totalDoses,pop_est_2020,totalDosesPer100,totalDosesPer100Rounded
Latin America and the Caribbean,1225436249,653962000,187.38646113994392,187
North America,678492202,368870000,183.9380274893594,184
Asia,8212866274,4641055000,176.96119253057765,177
Oceania,73830441,42678000,172.9941445241108,173
Europe,1287977238,747636000,172.27330385374702,172
Africa,528359892,1340598000,39.41225423281252,39
