cnnRegion,totalDoses,pop_est_2020,totalDosesPer100,totalDosesPer100Rounded
Latin America and the Caribbean,1235052842,653962000,188.85697364678683,189
North America,682700968,368870000,185.0790164556619,185
Asia,8265550424,4641055000,178.0963686920323,178
Europe,1292938709,747636000,172.93692505443826,173
Oceania,73975644,42678000,173.3343736819907,173
Africa,539389624,1340598000,40.23500139489989,40
