cnnRegion,totalDoses,pop_est_2020,totalDosesPer100,totalDosesPer100Rounded
North America,585726250,368870000,158.78934312901563,159
Europe,1116010190,747636000,149.27186358067294,149
Latin America and the Caribbean,906269283,653962000,138.58133698899937,139
Asia,6384484478,4641055000,137.56536989973185,138
Oceania,55305632,42678000,129.58815314682036,130
Africa,320245980,1340598000,23.88829313485474,24
