cnnRegion,totalDoses,pop_est_2020,totalDosesPer100,totalDosesPer100Rounded
North America,567374778,368870000,153.81429175590316,154
Europe,1078475011,747636000,144.25134838343794,144
Latin America and the Caribbean,886364463,653962000,135.53760967762653,136
Asia,6072229604,4641055000,130.83726876755392,131
Oceania,53557117,42678000,125.49115937953981,125
Africa,296500589,1340598000,22.117039485363993,22
