cnnRegion,totalDoses,pop_est_2020,totalDosesPer100,totalDosesPer100Rounded
North America,519998763,368870000,140.97073847154823,141
Europe,944301357,747636000,126.30496083655683,126
Latin America and the Caribbean,810385385,653962000,123.9193385854224,124
Asia,5416781623,4641055000,116.71444581027374,117
Oceania,49843216,42678000,116.78901541777967,117
Africa,236433602,1340598000,17.636428071651604,18
