cnnRegion,totalDoses,pop_est_2020,totalDosesPer100,totalDosesPer100Rounded
Latin America and the Caribbean,1280077635,653962000,195.74189861184595,196
North America,715011906,368870000,193.8384541979559,194
Asia,8742378238,4641055000,188.37049416565844,188
Europe,1330383896,747636000,177.9454033781145,178
Oceania,75176496,42678000,176.14812315478702,176
Africa,649184493,1340598000,48.424993398468445,48
