cnnRegion,totalDoses,pop_est_2020,totalDosesPer100,totalDosesPer100Rounded
North America,763536442,368870000,206.9933694797625,207
Latin America and the Caribbean,1319871130,653962000,201.82688443671037,202
Asia,8939289014,4641055000,192.61329620097155,193
Oceania,80728081,42678000,189.1561952293922,189
Europe,1368936924,747636000,183.10206089594402,183
Africa,749536821,1340598000,55.910632493857214,56
