cnnRegion,totalDoses,pop_est_2020,totalDosesPer100,totalDosesPer100Rounded
North America,611755495,368870000,165.84582508742918,166
Europe,1179816904,747636000,157.8063260731158,158
Latin America and the Caribbean,967592335,653962000,147.95849529483365,148
Asia,6761187065,4641055000,145.68211462695444,146
Oceania,60917673,42678000,142.73788134401798,143
Africa,345245578,1340598000,25.753102570643847,26
