cnnRegion,totalDoses,pop_est_2020,totalDosesPer100,totalDosesPer100Rounded
Latin America and the Caribbean,1278155027,653962000,195.44790477122524,195
North America,706082871,368870000,191.41780871309675,191
Asia,8695207804,4641055000,187.35412107807386,187
Europe,1325357774,747636000,177.2731347875169,177
Oceania,75130435,42678000,176.04019635409344,176
Africa,640927510,1340598000,47.80907550212666,48
