cnnRegion,totalDoses,pop_est_2020,totalDosesPer100,totalDosesPer100Rounded
North America,655488789,368870000,177.70184319679018,178
Latin America and the Caribbean,1153615989,653962000,176.40413189145548,176
Asia,7898978317,4641055000,170.19790364475318,170
Oceania,72482036,42678000,169.83465954355873,170
Europe,1260396519,747636000,168.58424674574258,169
Africa,474284773,1340598000,35.37859768551049,35
