cnnRegion,totalDoses,pop_est_2020,totalDosesPer100,totalDosesPer100Rounded
North America,534106922,368870000,144.79543524819042,145
Europe,977884822,747636000,130.7969148088107,131
Latin America and the Caribbean,831437419,653962000,127.13849107440494,127
Asia,5595286453,4641055000,120.56065814777028,121
Oceania,50754944,42678000,118.92531046440789,119
Africa,253400755,1340598000,18.902068703668064,19
