cnnRegion,totalDoses,pop_est_2020,totalDosesPer100,totalDosesPer100Rounded
North America,760428887,368870000,206.15091685417627,206
Latin America and the Caribbean,1315726476,653962000,201.19310846807613,201
Asia,8923073603,4641055000,192.26390557750338,192
Oceania,80706144,42678000,189.10479403908337,189
Europe,1357124521,747636000,181.52209377290552,182
Africa,741653270,1340598000,55.32257022612297,55
