cnnRegion,totalDoses,pop_est_2020,totalDosesPer100,totalDosesPer100Rounded
North America,550348157,368870000,149.1984051291783,149
Europe,1021493380,747636000,136.62977438218599,137
Latin America and the Caribbean,851738624,653962000,130.24283123484238,130
Asia,5807930636,4641055000,125.14246515070388,125
Oceania,51755145,42678000,121.26890903978631,121
Africa,269100126,1340598000,20.073140941579805,20
