cnnRegion,totalDoses,pop_est_2020,totalDosesPer100,totalDosesPer100Rounded
North America,649364572,368870000,176.0415788760268,176
Latin America and the Caribbean,1140867160,653962000,174.45465638676254,174
Asia,7832403964,4641055000,168.76343770974486,169
Oceania,72159197,42678000,169.07820657012982,169
Europe,1256714901,747636000,168.09181219202927,168
Africa,465343966,1340598000,34.711670911041196,35
