cnnRegion,totalDoses,pop_est_2020,totalDosesPer100,totalDosesPer100Rounded
Latin America and the Caribbean,1239796087,653962000,189.58228260969292,190
North America,684359705,368870000,185.52869710196006,186
Asia,8290085272,4641055000,178.62501676881658,179
Oceania,74115047,42678000,173.66101269975164,174
Europe,1294649153,747636000,173.1657053699929,173
Africa,563103942,1340598000,42.00393719817574,42
