cnnRegion,totalDoses,pop_est_2020,totalDosesPer100,totalDosesPer100Rounded
Latin America and the Caribbean,1296727876,653962000,198.2879549576275,198
North America,725062893,368870000,196.56325887168921,197
Asia,8767097285,4641055000,188.90311114606484,189
Europe,1337725197,747636000,178.92733857117636,179
Oceania,75324994,42678000,176.49607291813112,176
Africa,669452150,1340598000,49.93683042940538,50
