cnnRegion,totalDoses,pop_est_2020,totalDosesPer100,totalDosesPer100Rounded
Latin America and the Caribbean,1212270140,653962000,185.37317764640758,185
North America,675577734,368870000,183.14792040556293,183
Europe,1284156314,747636000,171.76223643591265,172
Oceania,73496767,42678000,172.21230376306295,172
Asia,7930567882,4641055000,170.87855847431243,171
Africa,515447217,1340598000,38.44905161726334,38
