cnnRegion,totalDoses,pop_est_2020,totalDosesPer100,totalDosesPer100Rounded
North America,639608167,368870000,173.39663485780898,173
Latin America and the Caribbean,1101284168,653962000,168.4018594352577,168
Europe,1245253759,747636000,166.5588279590603,167
Oceania,69893159,42678000,163.7685903744318,164
Asia,7549159275,4641055000,162.66041395760232,163
Africa,429553705,1340598000,32.04194732499974,32
