cnnRegion,totalDoses,pop_est_2020,totalDosesPer100,totalDosesPer100Rounded
North America,763380989,368870000,206.95122644834223,207
Latin America and the Caribbean,1318891500,653962000,201.67708521290226,202
Asia,8936221923,4641055000,192.54721012786965,193
Oceania,80726446,42678000,189.1523642157552,189
Europe,1366940589,747636000,182.83504125002005,183
Africa,742098830,1340598000,55.35580614024488,55
