cnnRegion,totalDoses,pop_est_2020,totalDosesPer100,totalDosesPer100Rounded
Latin America and the Caribbean,1248563573,653962000,190.92295469767356,191
North America,688428852,368870000,186.63183560604006,187
Asia,8362227228,4641055000,180.17944687145487,180
Europe,1301307125,747636000,174.05624194126554,174
Oceania,74271238,42678000,174.0269881437743,174
Africa,583342069,1340598000,43.513571480786936,44
