cnnRegion,totalDoses,pop_est_2020,totalDosesPer100,totalDosesPer100Rounded
North America,528340475,368870000,143.2321617371974,143
Europe,965344546,747636000,129.11959108443145,129
Latin America and the Caribbean,825944515,653962000,126.29854869243167,126
Asia,5525701701,4641055000,119.06132767226418,119
Oceania,50498070,42678000,118.32342190355686,118
Africa,246091549,1340598000,18.35684888385631,18
