cnnRegion,totalDoses,pop_est_2020,totalDosesPer100,totalDosesPer100Rounded
Latin America and the Caribbean,1244090057,653962000,190.23889109764787,190
North America,684360135,368870000,185.52881367419417,186
Asia,8314801341,4641055000,179.15756958277805,179
Europe,1298260732,747636000,173.6487718622431,174
Oceania,74083235,42678000,173.58647312432635,174
Africa,580487182,1340598000,43.300615247822236,43
