cnnRegion,totalDoses,pop_est_2020,totalDosesPer100,totalDosesPer100Rounded
North America,765963399,368870000,207.6513131997723,208
Latin America and the Caribbean,1322348233,653962000,202.20566837216842,202
Asia,8970156395,4641055000,193.27839025824946,193
Oceania,80806403,42678000,189.33971366980646,189
Europe,1371349790,747636000,183.42479361614477,183
Africa,746813684,1340598000,55.70750396464861,56
