cnnRegion,totalDoses,pop_est_2020,totalDosesPer100,totalDosesPer100Rounded
Latin America and the Caribbean,1255407499,653962000,191.96948737082582,192
North America,691318449,368870000,187.41520020603463,187
Asia,8420552638,4641055000,181.43617427503014,181
Oceania,74490846,42678000,174.54155771123297,175
Europe,1304497301,747636000,174.48294370522555,174
Africa,595201224,1340598000,44.39818827120434,44
