cnnRegion,totalDoses,pop_est_2020,totalDosesPer100,totalDosesPer100Rounded
Latin America and the Caribbean,1227244577,653962000,187.6629799590802,188
North America,680124308,368870000,184.38048851899043,184
Asia,8221537181,4641055000,177.14802304648404,177
Europe,1290415867,747636000,172.5994825021802,173
Oceania,73717009,42678000,172.72835887342424,173
Africa,528519869,1340598000,39.424187489463655,39
