cnnRegion,totalDoses,pop_est_2020,totalDosesPer100,totalDosesPer100Rounded
Latin America and the Caribbean,1295686947,653962000,198.1287822534031,198
North America,719222172,368870000,194.97984981158675,195
Asia,8750256954,4641055000,188.54025548070427,189
Europe,1333393194,747636000,178.3479118180505,178
Oceania,75245524,42678000,176.30986456722434,176
Africa,663571912,1340598000,49.49820244398395,49
