cnnRegion,totalDoses,pop_est_2020,totalDosesPer100,totalDosesPer100Rounded
Latin America and the Caribbean,1296536007,653962000,198.25861548530344,198
North America,724978694,368870000,196.54043267275733,197
Asia,8765290097,4641055000,188.86417198244797,189
Europe,1337481008,747636000,178.89467708885073,179
Oceania,75324994,42678000,176.49607291813112,176
Africa,664085619,1340598000,49.53652168659061,50
