cnnRegion,totalDoses,pop_est_2020,totalDosesPer100,totalDosesPer100Rounded
North America,638038628,368870000,172.9711356304389,173
Latin America and the Caribbean,1089476171,653962000,166.59625039375376,167
Europe,1242428618,747636000,166.18095142556004,166
Oceania,69341289,42678000,162.475488542106,162
Asia,7482183141,4641055000,161.21729091769006,161
Africa,422827191,1340598000,31.54019258569683,32
