cnnRegion,totalDoses,pop_est_2020,totalDosesPer100,totalDosesPer100Rounded
Latin America and the Caribbean,1268416825,653962000,193.95879653557853,194
North America,697621694,368870000,189.12399869872857,189
Asia,8574748677,4641055000,184.75860934636628,185
Europe,1315244128,747636000,175.92038478617937,176
Oceania,74911493,42678000,175.5271873096209,176
Africa,618928944,1340598000,46.168123777597756,46
