cnnRegion,totalDoses,pop_est_2020,totalDosesPer100,totalDosesPer100Rounded
Latin America and the Caribbean,1261886382,653962000,192.9601998281246,193
North America,693866651,368870000,188.1060132295931,188
Asia,8493161652,4641055000,183.00066799466933,183
Europe,1309469677,747636000,175.14802350341608,175
Oceania,74788791,42678000,175.23968086601997,175
Africa,610055812,1340598000,45.50624512344491,46
