cnnRegion,totalDoses,pop_est_2020,totalDosesPer100,totalDosesPer100Rounded
Latin America and the Caribbean,1269325380,653962000,194.09772739088817,194
North America,697621694,368870000,189.12399869872857,189
Asia,8583494490,4641055000,184.94705384874774,185
Europe,1315317757,747636000,175.9302330278371,176
Oceania,74911493,42678000,175.5271873096209,176
Africa,618805431,1340598000,46.15891050113457,46
