cnnRegion,totalDoses,pop_est_2020,totalDosesPer100,totalDosesPer100Rounded
Latin America and the Caribbean,1234626714,653962000,188.7918126741309,189
North America,682700968,368870000,185.0790164556619,185
Asia,8261857297,4641055000,178.01679353078126,178
Europe,1292919804,747636000,172.934396417508,173
Oceania,73961231,42678000,173.30060218379492,173
Africa,539386601,1340598000,40.23477589851693,40
