cnnRegion,totalDoses,pop_est_2020,totalDosesPer100,totalDosesPer100Rounded
North America,642109658,368870000,174.0747846124651,174
Latin America and the Caribbean,1117820438,653962000,170.93048801000668,171
Europe,1251207270,747636000,167.35513939938687,167
Oceania,70855184,42678000,166.0227377102957,166
Asia,7658352427,4641055000,165.01317969728865,165
Africa,449276896,1340598000,33.51317068949827,34
