cnnRegion,totalDoses,pop_est_2020,totalDosesPer100,totalDosesPer100Rounded
North America,641040930,368870000,173.7850543551929,174
Latin America and the Caribbean,1112731130,653962000,170.15226114055557,170
Europe,1248809374,747636000,167.03440899047132,167
Oceania,70498567,42678000,165.18713857256665,165
Asia,7626924209,4641055000,164.33600138330618,164
Africa,440398078,1340598000,32.85086789626719,33
