cnnRegion,totalDoses,pop_est_2020,totalDosesPer100,totalDosesPer100Rounded
Latin America and the Caribbean,1221804047,653962000,186.83104629932626,187
North America,678389203,368870000,183.9101046439125,184
Asia,8195066020,4641055000,176.57765357230198,177
Oceania,73631202,42678000,172.5273021228736,173
Europe,1286789261,747636000,172.11440607461387,172
Africa,526823024,1340598000,39.29761375147508,39
