cnnRegion,totalDoses,pop_est_2020,totalDosesPer100,totalDosesPer100Rounded
North America,662610552,368870000,179.63254046140918,180
Latin America and the Caribbean,1172710658,653962000,179.32397570501038,179
Asia,7974762529,4641055000,171.83081280010688,172
Oceania,72885115,42678000,170.77912507615164,171
Europe,1271406648,747636000,170.0569057669775,170
Africa,488116027,1340598000,36.410320394331485,36
