cnnRegion,totalDoses,pop_est_2020,totalDosesPer100,totalDosesPer100Rounded
North America,760314083,368870000,206.1197936942554,206
Latin America and the Caribbean,1315122807,653962000,201.1007989760873,201
Asia,8918877511,4641055000,192.17349311740543,192
Oceania,80685800,42678000,189.05712545105206,189
Europe,1356878778,747636000,181.48922443542043,181
Africa,741653270,1340598000,55.32257022612297,55
