cnnRegion,totalDoses,pop_est_2020,totalDosesPer100,totalDosesPer100Rounded
North America,554493152,368870000,150.32210589096428,150
Europe,1031618333,747636000,137.98403675050426,138
Latin America and the Caribbean,860038905,653962000,131.51206109835127,132
Asia,5851341311,4641055000,126.0778273689926,126
Oceania,52179589,42678000,122.26343549369699,122
Africa,279324314,1340598000,20.83579969535983,21
