cnnRegion,totalDoses,pop_est_2020,totalDosesPer100,totalDosesPer100Rounded
North America,748539581,368870000,202.9277471738011,203
Latin America and the Caribbean,1299788162,653962000,198.75591578715583,199
Asia,8818471687,4641055000,190.0100663965413,190
Oceania,81180028,42678000,190.21516472187074,190
Europe,1348969376,747636000,180.4313029335131,180
Africa,690514131,1340598000,51.50791892871689,52
