cnnRegion,totalDoses,pop_est_2020,totalDosesPer100,totalDosesPer100Rounded
North America,619218767,368870000,167.86910483368126,168
Europe,1203322702,747636000,160.95034241261789,161
Latin America and the Caribbean,999677471,653962000,152.8647644664369,153
Asia,6899931383,4641055000,148.67161416962307,149
Oceania,63502556,42678000,148.79459206148366,149
Africa,356679690,1340598000,26.606013883356532,27
