cnnRegion,totalDoses,pop_est_2020,totalDosesPer100,totalDosesPer100Rounded
Latin America and the Caribbean,1277213396,653962000,195.3039161296834,195
North America,706015824,368870000,191.39963239081519,191
Asia,8686803969,4641055000,187.17304511581958,187
Europe,1323902636,747636000,177.07850290783216,177
Oceania,75100783,42678000,175.9707179342987,176
Africa,633527926,1340598000,47.257114064022176,47
