cnnRegion,totalDoses,pop_est_2020,totalDosesPer100,totalDosesPer100Rounded
North America,565456063,368870000,153.29413153685582,153
Europe,1067071475,747636000,142.7260692369014,143
Latin America and the Caribbean,881611257,653962000,134.81077753753277,135
Asia,5995989856,4641055000,129.19454425771727,129
Oceania,53329280,42678000,124.9573082150054,125
Africa,287512427,1340598000,21.446580332060766,21
