cnnRegion,totalDoses,pop_est_2020,totalDosesPer100,totalDosesPer100Rounded
North America,648171278,368870000,175.71807899802099,176
Latin America and the Caribbean,1138905322,653962000,174.15466372663855,174
Oceania,71943470,42678000,168.57273068091288,169
Asia,7810902522,4641055000,168.30014990126168,168
Europe,1256031001,747636000,168.00033719617568,168
Africa,465208914,1340598000,34.701596899294195,35
