cnnRegion,totalDoses,pop_est_2020,totalDosesPer100,totalDosesPer100Rounded
North America,608469075,368870000,164.95488247892212,165
Europe,1172912657,747636000,156.8828490067359,157
Latin America and the Caribbean,959668779,653962000,146.74687198950397,147
Asia,6706597265,4641055000,144.50587775839762,145
Oceania,60077086,42678000,140.76827873846008,141
Africa,337723361,1340598000,25.191993498423837,25
