cnnRegion,totalDoses,pop_est_2020,totalDosesPer100,totalDosesPer100Rounded
North America,601403692,368870000,163.03946973188386,163
Europe,1158340047,747636000,154.93369059274835,155
Latin America and the Caribbean,945058791,653962000,144.5127990617192,145
Asia,6625865113,4641055000,142.7663562056472,143
Oceania,58500683,42678000,137.07456534982896,137
Africa,338111802,1340598000,25.220968702027008,25
