cnnRegion,totalDoses,pop_est_2020,totalDosesPer100,totalDosesPer100Rounded
North America,766769122,368870000,207.8697432699867,208
Latin America and the Caribbean,1323522404,653962000,202.38521565473224,202
Asia,8973667521,4641055000,193.3540438757998,193
Oceania,80820705,42678000,189.3732250808379,189
Europe,1372594441,747636000,183.59127182211665,184
Africa,746916881,1340598000,55.71520179800358,56
