cnnRegion,totalDoses,pop_est_2020,totalDosesPer100,totalDosesPer100Rounded
Latin America and the Caribbean,1264629522,653962000,193.37966456766603,193
North America,695726981,368870000,188.61034537913085,189
Asia,8526252410,4641055000,183.71366876712298,184
Europe,1311596232,747636000,175.4324607161774,175
Oceania,74818863,42678000,175.31014339940953,175
Africa,618419799,1340598000,46.1301448308889,46
