cnnRegion,totalDoses,pop_est_2020,totalDosesPer100,totalDosesPer100Rounded
Latin America and the Caribbean,1276653029,653962000,195.21822812334662,195
North America,705991264,368870000,191.39297421855937,191
Asia,8682729433,4641055000,187.0852518015839,187
Europe,1323403448,747636000,177.01173405239982,177
Oceania,75100783,42678000,175.9707179342987,176
Africa,633516228,1340598000,47.25624146835965,47
