cnnRegion,totalDoses,pop_est_2020,totalDosesPer100,totalDosesPer100Rounded
North America,639010516,368870000,173.23461273619432,173
Latin America and the Caribbean,1097609305,653962000,167.83992112691564,168
Europe,1244301978,747636000,166.4315225591063,166
Oceania,69682335,42678000,163.27460283987065,163
Asia,7522873979,4641055000,162.09404928405286,162
Africa,428792837,1340598000,31.985191459333816,32
