cnnRegion,totalDoses,pop_est_2020,totalDosesPer100,totalDosesPer100Rounded
North America,595213075,368870000,161.36120448938652,161
Europe,1140943965,747636000,152.6068788822368,153
Latin America and the Caribbean,922757387,653962000,141.1026003039932,141
Asia,6518124023,4641055000,140.44487779179516,140
Oceania,57053762,42678000,133.68424480997234,134
Africa,333094656,1340598000,24.84672183607614,25
