cnnRegion,totalDoses,pop_est_2020,totalDosesPer100,totalDosesPer100Rounded
Latin America and the Caribbean,1180115877,653962000,180.4563379829409,180
North America,665686857,368870000,180.46652126765528,180
Asia,8007473454,4641055000,172.53562937737217,173
Oceania,73040294,42678000,171.14272927503632,171
Europe,1273523048,747636000,170.33998469843615,170
Africa,493485162,1340598000,36.810823378820494,37
