cnnRegion,totalDoses,pop_est_2020,totalDosesPer100,totalDosesPer100Rounded
North America,767474789,368870000,208.06104833681243,208
Latin America and the Caribbean,1324310555,653962000,202.5057350427089,203
Asia,8977918039,4641055000,193.44562904339637,193
Oceania,80824339,42678000,189.38174000656076,189
Europe,1373394034,747636000,183.6982213269559,184
Africa,746916881,1340598000,55.71520179800358,56
