cnnRegion,totalDoses,pop_est_2020,totalDosesPer100,totalDosesPer100Rounded
North America,734313295,368870000,199.0710263778567,199
Latin America and the Caribbean,1297712270,653962000,198.43848266413033,198
Asia,8781530277,4641055000,189.21409629922508,189
Oceania,80364418,42678000,188.30408641454613,188
Europe,1341220853,747636000,179.3948997908073,179
Africa,682545116,1340598000,50.913481595526775,51
