cnnRegion,totalDoses,pop_est_2020,totalDosesPer100,totalDosesPer100Rounded
Latin America and the Caribbean,1191305647,653962000,182.16741140922562,182
North America,669151475,368870000,181.40577303657116,181
Asia,8053842977,4641055000,173.53474537578202,174
Oceania,73211093,42678000,171.5429331271381,172
Europe,1275557917,747636000,170.61215845678913,171
Africa,498014506,1340598000,37.148683348774206,37
