cnnRegion,totalDoses,pop_est_2020,totalDosesPer100,totalDosesPer100Rounded
North America,625853138,368870000,169.66767099520158,170
Europe,1218652208,747636000,163.0007393972468,163
Latin America and the Caribbean,1027984154,653962000,157.1932549597683,157
Oceania,65765584,42678000,154.09715544308543,154
Asia,7035618808,4641055000,151.59524737371137,152
Africa,366649486,1340598000,27.349696627922764,27
