cnnRegion,totalDoses,pop_est_2020,totalDosesPer100,totalDosesPer100Rounded
North America,560324395,368870000,151.90294548214817,152
Europe,1047535394,747636000,140.11302211236486,140
Latin America and the Caribbean,870087961,653962000,133.04870328857027,133
Asia,5927602776,4641055000,127.72101981122827,128
Oceania,52601521,42678000,123.25207601105956,123
Africa,280197658,1340598000,20.900945548180736,21
