cnnRegion,totalDoses,pop_est_2020,totalDosesPer100,totalDosesPer100Rounded
North America,763380989,368870000,206.95122644834223,207
Latin America and the Caribbean,1318780984,653962000,201.66018576002887,202
Asia,8934798713,4641055000,192.51654447103084,193
Oceania,80704026,42678000,189.0998312948123,189
Europe,1366795131,747636000,182.8155855255766,183
Africa,742081131,1340598000,55.35448590852739,55
