cnnRegion,totalDoses,pop_est_2020,totalDosesPer100,totalDosesPer100Rounded
North America,637318189,368870000,172.77582590072382,173
Europe,1241443905,747636000,166.04924120828852,166
Latin America and the Caribbean,1083263648,653962000,165.64626813178748,166
Oceania,69137035,42678000,161.99689535592108,162
Asia,7457406057,4641055000,160.68342342419987,161
Africa,420844360,1340598000,31.392286129026004,31
