cnnRegion,totalDoses,pop_est_2020,totalDosesPer100,totalDosesPer100Rounded
Latin America and the Caribbean,1262937153,653962000,193.12087751276067,193
North America,694301471,368870000,188.22389215712855,188
Asia,8506802958,4641055000,183.29459482811558,183
Europe,1310423786,747636000,175.2756402848445,175
Oceania,74792187,42678000,175.2476381273724,175
Africa,610104720,1340598000,45.50989334610375,46
