cnnRegion,totalDoses,pop_est_2020,totalDosesPer100,totalDosesPer100Rounded
Latin America and the Caribbean,1227411165,653962000,187.68845361045442,188
North America,680124308,368870000,184.38048851899043,184
Asia,8228306936,4641055000,177.29388977290722,177
Europe,1290438948,747636000,172.60256969969342,173
Oceania,73727275,42678000,172.75241342143494,173
Africa,528629794,1340598000,39.432387188403986,39
