cnnRegion,totalDoses,pop_est_2020,totalDosesPer100,totalDosesPer100Rounded
Latin America and the Caribbean,1261946477,653962000,192.9693891999841,193
North America,693866651,368870000,188.1060132295931,188
Asia,8496006313,4641055000,183.0619614074817,183
Europe,1309612999,747636000,175.16719352733148,175
Oceania,74788791,42678000,175.23968086601997,175
Africa,610067318,1340598000,45.50710339714068,46
