cnnRegion,totalDoses,pop_est_2020,totalDosesPer100,totalDosesPer100Rounded
North America,750743833,368870000,203.52531596497408,204
Latin America and the Caribbean,1307247555,653962000,199.89656203265633,200
Asia,8828046606,4641055000,190.216375500829,190
Oceania,80404322,42678000,188.39758657856507,188
Europe,1350317482,747636000,180.61161875565114,181
Africa,691890421,1340598000,51.61058132266347,52
