cnnRegion,totalDoses,pop_est_2020,totalDosesPer100,totalDosesPer100Rounded
Latin America and the Caribbean,1280315318,653962000,195.77824369000035,196
North America,715033533,368870000,193.84431723913573,194
Asia,8742982052,4641055000,188.38350444026196,188
Europe,1330443226,747636000,177.9533390580443,178
Oceania,75176496,42678000,176.14812315478702,176
Africa,649202963,1340598000,48.42637114183372,48
