cnnRegion,totalDoses,pop_est_2020,totalDosesPer100,totalDosesPer100Rounded
North America,753766414,368870000,204.34473229050886,204
Latin America and the Caribbean,1309123484,653962000,200.18341799676435,200
Asia,8852472524,4641055000,190.7426764819637,191
Oceania,80606354,42678000,188.87097333520785,189
Europe,1354069081,747636000,181.11341361304164,181
Africa,703663187,1340598000,52.48875404856639,52
