cnnRegion,totalDoses,pop_est_2020,totalDosesPer100,totalDosesPer100Rounded
Latin America and the Caribbean,1169679716,653962000,178.86050198635394,179
North America,661633050,368870000,179.36754141025293,179
Asia,7966540032,4641055000,171.65364409600835,172
Oceania,72845032,42678000,170.68520549229112,171
Europe,1270266932,747636000,169.9044631344665,170
Africa,487266413,1340598000,36.34694464709033,36
