cnnRegion,totalDoses,pop_est_2020,totalDosesPer100,totalDosesPer100Rounded
Latin America and the Caribbean,1199813277,653962000,183.46834785507414,183
North America,673549109,368870000,182.59796378127794,183
Asia,8100481926,4641055000,174.5396666490701,175
Oceania,73385755,42678000,171.95218848118466,172
Europe,1278194445,747636000,170.9648070718906,171
Africa,509817477,1340598000,38.02910917366727,38
