cnnRegion,totalDoses,pop_est_2020,totalDosesPer100,totalDosesPer100Rounded
North America,592075066,368870000,160.51049583864233,161
Europe,1131037919,747636000,151.2818964041325,151
Latin America and the Caribbean,917043453,653962000,140.22885932210127,140
Asia,6466822255,4641055000,139.33948757340735,139
Oceania,56264195,42678000,131.83418857490977,132
Africa,325775757,1340598000,24.30077898072353,24
