cnnRegion,totalDoses,pop_est_2020,totalDosesPer100,totalDosesPer100Rounded
North America,623621181,368870000,169.0625914278743,169
Europe,1213780220,747636000,162.34908698885553,162
Latin America and the Caribbean,1016838293,653962000,155.48889583798447,155
Oceania,64969347,42678000,152.231470546886,152
Asia,6983505866,4641055000,150.47237893108357,150
Africa,365569270,1340598000,27.26911945266217,27
