cnnRegion,totalDoses,pop_est_2020,totalDosesPer100,totalDosesPer100Rounded
North America,597351779,368870000,161.94100333450808,162
Europe,1145677391,747636000,153.23999794017408,153
Asia,6538670923,4641055000,140.88759825082874,141
Latin America and the Caribbean,924474829,653962000,141.36522137371895,141
Oceania,57446923,42678000,134.60547120296172,135
Africa,333149223,1340598000,24.850792183786638,25
