cnnRegion,totalDoses,pop_est_2020,totalDosesPer100,totalDosesPer100Rounded
North America,642465408,368870000,174.17122780383335,174
Latin America and the Caribbean,1122622349,653962000,171.66476783054674,172
Europe,1252002328,747636000,167.4614823256237,167
Asia,7707426116,4641055000,166.0705618873295,166
Oceania,71032286,42678000,166.43771029570271,166
Africa,449699538,1340598000,33.54469706802487,34
