cnnRegion,totalDoses,pop_est_2020,totalDosesPer100,totalDosesPer100Rounded
North America,638852501,368870000,173.19177515113725,173
Latin America and the Caribbean,1095770446,653962000,167.5587336878901,168
Europe,1243691076,747636000,166.3498114055503,166
Oceania,69579338,42678000,163.03326772576034,163
Asia,7427426796,4641055000,160.03746553316003,160
Africa,428686598,1340598000,31.977266712317938,32
