cnnRegion,totalDoses,pop_est_2020,totalDosesPer100,totalDosesPer100Rounded
North America,610335318,368870000,165.46081763222816,165
Europe,1175497977,747636000,157.22864829943984,157
Latin America and the Caribbean,964937955,653962000,147.5526032093608,148
Asia,6735634213,4641055000,145.13153179611103,145
Oceania,60441860,42678000,141.62299076807722,142
Africa,337941253,1340598000,25.20824684208092,25
