cnnRegion,totalDoses,pop_est_2020,totalDosesPer100,totalDosesPer100Rounded
North America,632783729,368870000,171.5465418711199,172
Europe,1234790173,747636000,165.15927175791427,165
Latin America and the Caribbean,1059895099,653962000,162.072887874219,162
Oceania,67894719,42678000,159.08599044003938,159
Asia,7271557199,4641055000,156.6789706004346,157
Africa,396420718,1340598000,29.57043931141177,30
