cnnRegion,totalDoses,pop_est_2020,totalDosesPer100,totalDosesPer100Rounded
North America,639825188,368870000,173.45546886436955,173
Latin America and the Caribbean,1103187105,653962000,168.69284530293808,169
Europe,1246007562,747636000,166.65965282570662,167
Oceania,69995268,42678000,164.0078447912273,164
Asia,7557523526,4641055000,162.84063701033494,163
Africa,429658596,1340598000,32.049771519873964,32
