cnnRegion,totalDoses,pop_est_2020,totalDosesPer100,totalDosesPer100Rounded
North America,638038628,368870000,172.9711356304389,173
Latin America and the Caribbean,1090358435,653962000,166.73116098488902,167
Europe,1243054925,747636000,166.26472307379527,166
Oceania,69341289,42678000,162.475488542106,162
Asia,7400256831,4641055000,159.45203905146568,159
Africa,422830099,1340598000,31.540409503818445,32
