cnnRegion,totalDoses,pop_est_2020,totalDosesPer100,totalDosesPer100Rounded
North America,745342063,368870000,202.0609057391493,202
Latin America and the Caribbean,1299467506,653962000,198.7068829687352,199
Asia,8811780338,4641055000,189.86588907048073,190
Oceania,80897626,42678000,189.55346079947515,190
Europe,1345909382,747636000,180.02201365370314,180
Africa,689225251,1340598000,51.41177675932681,51
