cnnRegion,totalDoses,pop_est_2020,totalDosesPer100,totalDosesPer100Rounded
Latin America and the Caribbean,1256925113,653962000,192.2015519250354,192
North America,691318449,368870000,187.41520020603463,187
Asia,8436388654,4641055000,181.77739014081928,182
Europe,1306199837,747636000,174.71066628680268,175
Oceania,74589777,42678000,174.7733656684943,175
Africa,595711015,1340598000,44.436215405363875,44
