cnnRegion,totalDoses,pop_est_2020,totalDosesPer100,totalDosesPer100Rounded
Latin America and the Caribbean,1208010373,653962000,184.7217992788572,185
North America,675524365,368870000,183.13345216471927,183
Asia,8126493709,4641055000,175.10013798586743,175
Europe,1283780698,747636000,171.71199594455055,172
Oceania,73483714,42678000,172.1817189184123,172
Africa,513580746,1340598000,38.30982486920016,38
