cnnRegion,totalDoses,pop_est_2020,totalDosesPer100,totalDosesPer100Rounded
North America,756239937,368870000,205.01529997017917,205
Latin America and the Caribbean,1310969270,653962000,200.46566467164757,200
Asia,8854739324,4641055000,190.79151882492235,191
Oceania,80649557,42678000,188.97220347720136,189
Europe,1354373915,747636000,181.15418666302853,181
Africa,703666592,1340598000,52.48900803969572,52
