cnnRegion,totalDoses,pop_est_2020,totalDosesPer100,totalDosesPer100Rounded
North America,633952636,368870000,171.86343047686177,172
Europe,1236436496,747636000,165.37947557367488,165
Latin America and the Caribbean,1069693344,653962000,163.57117753019287,164
Oceania,68167765,42678000,159.7257720605464,160
Asia,7314086976,4641055000,157.59535226365557,158
Africa,403404406,1340598000,30.091377579259404,30
