cnnRegion,totalDoses,pop_est_2020,totalDosesPer100,totalDosesPer100Rounded
North America,645436565,368870000,174.97670317456013,175
Latin America and the Caribbean,1133054787,653962000,173.2600345280001,173
Asia,7782069202,4641055000,167.67888340043373,168
Europe,1254345407,747636000,167.77488069060345,168
Oceania,71766201,42678000,168.15736679319556,168
Africa,464735683,1340598000,34.666296906305995,35
