cnnRegion,totalDoses,pop_est_2020,totalDosesPer100,totalDosesPer100Rounded
North America,607283382,368870000,164.63344321847805,165
Europe,1169475852,747636000,156.42315939842385,156
Latin America and the Caribbean,955848593,653962000,146.1627117477774,146
Asia,6692802686,4641055000,144.20864837843982,144
Oceania,59696686,42678000,139.8769529968602,140
Africa,332819873,1340598000,24.826224789235848,25
