cnnRegion,totalDoses,pop_est_2020,totalDosesPer100,totalDosesPer100Rounded
North America,535831384,368870000,145.26293382492477,145
Europe,983344085,747636000,131.52711814305357,132
Latin America and the Caribbean,834706574,653962000,127.63839091568012,128
Asia,5615417204,4641055000,120.99441191711797,121
Oceania,50868449,42678000,119.1912671634097,119
Africa,253809502,1340598000,18.932558604443688,19
