cnnRegion,totalDoses,pop_est_2020,totalDosesPer100,totalDosesPer100Rounded
North America,567366334,368870000,153.81200260254292,154
Europe,1077659932,747636000,144.14232754977022,144
Latin America and the Caribbean,885033823,653962000,135.33413608130135,135
Asia,6059746029,4641055000,130.56828736138658,131
Oceania,53543207,42678000,125.4585664745302,125
Africa,305279880,1340598000,22.77191820366732,23
