cnnRegion,totalDoses,pop_est_2020,totalDosesPer100,totalDosesPer100Rounded
North America,766769122,368870000,207.8697432699867,208
Latin America and the Caribbean,1323572510,653962000,202.39287756780976,202
Asia,8975331579,4641055000,193.38989904235135,193
Oceania,80820705,42678000,189.3732250808379,189
Europe,1372614793,747636000,183.59399400242899,184
Africa,746916881,1340598000,55.71520179800358,56
