cnnRegion,totalDoses,pop_est_2020,totalDosesPer100,totalDosesPer100Rounded
Latin America and the Caribbean,1296134939,653962000,198.19728653958487,198
North America,729576218,368870000,197.786813240437,198
Asia,8767914435,4641055000,188.92071813413114,189
Oceania,80292378,42678000,188.13528750175735,188
Europe,1338660455,747636000,179.05243393844063,179
Africa,669675463,1340598000,49.95348814484282,50
