cnnRegion,totalDoses,pop_est_2020,totalDosesPer100,totalDosesPer100Rounded
North America,621737621,368870000,168.55196166671186,169
Europe,1209034385,747636000,161.7143081660059,162
Latin America and the Caribbean,1007699747,653962000,154.0914834501087,154
Oceania,64313951,42678000,150.69579408594592,151
Asia,6935121661,4641055000,149.42985293214582,149
Africa,357842876,1340598000,26.69278008769221,27
