cnnRegion,totalDoses,pop_est_2020,totalDosesPer100,totalDosesPer100Rounded
North America,599259510,368870000,162.45818581071921,162
Europe,1149627101,747636000,153.76829112027778,154
Latin America and the Caribbean,927149488,653962000,141.77421440389503,142
Asia,6555708419,4641055000,141.25470219594467,141
Oceania,57831478,42678000,135.50653263976756,136
Africa,334322238,1340598000,24.93829156838963,25
