cnnRegion,totalDoses,pop_est_2020,totalDosesPer100,totalDosesPer100Rounded
North America,764867583,368870000,207.35423943394693,207
Latin America and the Caribbean,1320507977,653962000,201.92426731216798,202
Asia,8943162605,4641055000,192.69675978845328,193
Oceania,80748908,42678000,189.20499554805755,189
Europe,1369474291,747636000,183.17393638080563,183
Africa,749536821,1340598000,55.910632493857214,56
