cnnRegion,totalDoses,pop_est_2020,totalDosesPer100,totalDosesPer100Rounded
North America,768750661,368870000,208.4069349635373,208
Latin America and the Caribbean,1326479405,653962000,202.83738275312632,203
Asia,8988587849,4641055000,193.67552957247867,194
Oceania,80918296,42678000,189.60189324710623,190
Europe,1374053984,747636000,183.78649289226308,184
Africa,772331074,1340598000,57.610937357805994,58
