cnnRegion,totalDoses,pop_est_2020,totalDosesPer100,totalDosesPer100Rounded
Latin America and the Caribbean,1247340136,653962000,190.73587394986254,191
North America,686220164,368870000,186.03306422316805,186
Asia,8335011026,4641055000,179.593024129212,180
Europe,1299955399,747636000,173.875441926285,174
Oceania,74213549,42678000,173.8918154552697,174
Africa,581591355,1340598000,43.38297946140454,43
