cnnRegion,totalDoses,pop_est_2020,totalDosesPer100,totalDosesPer100Rounded
North America,761709226,368870000,206.4980144766449,206
Latin America and the Caribbean,1318630461,653962000,201.63716867340918,202
Asia,8938099476,4641055000,192.58766543382916,193
Oceania,80704026,42678000,189.0998312948123,189
Europe,1357822327,747636000,181.6154287648,182
Africa,742074740,1340598000,55.35400918097745,55
