cnnRegion,totalDoses,pop_est_2020,totalDosesPer100,totalDosesPer100Rounded
North America,758567243,368870000,205.6462284815789,206
Latin America and the Caribbean,1314199752,653962000,200.95965086656412,201
Asia,8893149703,4641055000,191.61914054024354,192
Oceania,80684928,42678000,189.055082243779,189
Europe,1355366763,747636000,181.28698497664638,181
Africa,704118320,1340598000,52.52270404699993,53
