cnnRegion,totalDoses,pop_est_2020,totalDosesPer100,totalDosesPer100Rounded
Latin America and the Caribbean,1297449886,653962000,198.39836045519462,198
North America,729782752,368870000,197.84280423997615,198
Asia,8777614777,4641055000,189.12972970585352,189
Oceania,80437295,42678000,188.47484652514174,188
Europe,1339524996,747636000,179.16807055840007,179
Africa,674307206,1340598000,50.298986422477135,50
