cnnRegion,totalDoses,pop_est_2020,totalDosesPer100,totalDosesPer100Rounded
Latin America and the Caribbean,1246981847,653962000,190.68108651573027,191
North America,686220164,368870000,186.03306422316805,186
Asia,8329021656,4641055000,179.4639722218332,179
Europe,1299341443,747636000,173.7933222851762,174
Oceania,74181160,42678000,173.81592389521535,174
Africa,581435942,1340598000,43.37138664983836,43
