cnnRegion,totalDoses,pop_est_2020,totalDosesPer100,totalDosesPer100Rounded
North America,634503266,368870000,172.01270528912625,172
Europe,1237458226,747636000,165.51613699714835,166
Latin America and the Caribbean,1071034924,653962000,163.77632400659365,164
Oceania,68378815,42678000,160.2202891419467,160
Asia,7351588559,4641055000,158.40339231058456,158
Africa,407232582,1340598000,30.3769349200879,30
