cnnRegion,totalDoses,pop_est_2020,totalDosesPer100,totalDosesPer100Rounded
North America,734358902,368870000,199.08339035432536,199
Latin America and the Caribbean,1297788812,653962000,198.45018701392436,198
Asia,8780572609,4641055000,189.1934615944004,189
Oceania,80370119,42678000,188.3174445850321,188
Europe,1341732817,747636000,179.46337749921085,179
Africa,677311119,1340598000,50.523059037832375,51
