cnnRegion,totalDoses,pop_est_2020,totalDosesPer100,totalDosesPer100Rounded
North America,768750661,368870000,208.4069349635373,208
Latin America and the Caribbean,1326511817,653962000,202.842339004407,203
Asia,8988925739,4641055000,193.68281002918516,194
Oceania,80918296,42678000,189.60189324710623,190
Europe,1374068439,747636000,183.78842631975988,184
Africa,774246650,1340598000,57.75382702346267,58
