cnnRegion,totalDoses,pop_est_2020,totalDosesPer100,totalDosesPer100Rounded
North America,767474789,368870000,208.06104833681243,208
Latin America and the Caribbean,1324301486,653962000,202.50434826488387,203
Asia,8977090490,4641055000,193.42779798989667,193
Oceania,80824339,42678000,189.38174000656076,189
Europe,1373375543,747636000,183.6957480645662,184
Africa,746916881,1340598000,55.71520179800358,56
