cnnRegion,totalDoses,pop_est_2020,totalDosesPer100,totalDosesPer100Rounded
North America,642465408,368870000,174.17122780383335,174
Latin America and the Caribbean,1122622349,653962000,171.66476783054674,172
Europe,1251979307,747636000,167.4584031534062,167
Asia,7703326672,4641055000,165.98223188477618,166
Oceania,71032286,42678000,166.43771029570271,166
Africa,449225686,1340598000,33.50935075242541,34
