cnnRegion,totalDoses,pop_est_2020,totalDosesPer100,totalDosesPer100Rounded
North America,576605386,368870000,156.31669314392605,156
Europe,1100108530,747636000,147.14493817847188,147
Latin America and the Caribbean,898261449,653962000,137.35682639052422,137
Asia,6260426479,4641055000,134.89231390276564,135
Oceania,54155354,42678000,126.89290500960682,127
Africa,305402138,1340598000,22.781037865191504,23
