cnnRegion,totalDoses,pop_est_2020,totalDosesPer100,totalDosesPer100Rounded
Latin America and the Caribbean,1277489344,653962000,195.34611246525026,195
North America,706015824,368870000,191.39963239081519,191
Asia,8689337084,4641055000,187.22762570148382,187
Europe,1323925949,747636000,177.08162113648888,177
Oceania,75100783,42678000,175.9707179342987,176
Africa,633528481,1340598000,47.25715546345735,47
