cnnRegion,totalDoses,pop_est_2020,totalDosesPer100,totalDosesPer100Rounded
Latin America and the Caribbean,1222067250,653962000,186.8712937448965,187
North America,678389203,368870000,183.9101046439125,184
Asia,8199293303,4641055000,176.66873809941922,177
Oceania,73645204,42678000,172.56011059562303,173
Europe,1287191133,747636000,172.16815843538836,172
Africa,526882625,1340598000,39.302059603251685,39
