cnnRegion,totalDoses,pop_est_2020,totalDosesPer100,totalDosesPer100Rounded
Latin America and the Caribbean,1259624980,653962000,192.6143996134332,193
North America,691939781,368870000,187.5836422045707,188
Asia,8479118845,4641055000,182.6980900894301,183
Europe,1308375028,747636000,175.00160880428444,175
Oceania,74704483,42678000,175.04213646375183,175
Africa,599724543,1340598000,44.735598814857255,45
