cnnRegion,totalDoses,pop_est_2020,totalDosesPer100,totalDosesPer100Rounded
North America,765952117,368870000,207.64825466966684,208
Latin America and the Caribbean,1322044930,653962000,202.1592890718421,202
Asia,8960219831,4641055000,193.06428885242687,193
Oceania,80762472,42678000,189.23677773091524,189
Europe,1370045411,747636000,183.25032649578137,183
Africa,746813684,1340598000,55.70750396464861,56
