cnnRegion,totalDoses,pop_est_2020,totalDosesPer100,totalDosesPer100Rounded
Latin America and the Caribbean,1273960421,653962000,194.80649043828237,195
North America,699832229,368870000,189.72327080001082,190
Asia,8636622712,4641055000,186.09179835188337,186
Europe,1318929795,747636000,176.41336091359966,176
Oceania,75043723,42678000,175.8370190730587,176
Africa,623749345,1340598000,46.52769473026216,47
