cnnRegion,totalDoses,pop_est_2020,totalDosesPer100,totalDosesPer100Rounded
Latin America and the Caribbean,1216037492,653962000,185.94925882543635,186
North America,677065453,368870000,183.55123837666386,184
Asia,8166149856,4641055000,175.95460204630197,176
Europe,1284721729,747636000,171.8378634790192,172
Oceania,73531403,42678000,172.29346033084963,172
Africa,518074706,1340598000,38.64504542002897,39
