cnnRegion,totalDoses,pop_est_2020,totalDosesPer100,totalDosesPer100Rounded
North America,769244387,368870000,208.54078320275437,209
Latin America and the Caribbean,1326698666,653962000,202.87091084803092,203
Asia,8990011383,4641055000,193.70620221048878,194
Oceania,80918296,42678000,189.60189324710623,190
Europe,1374309020,747636000,183.82060521430213,184
Africa,774249603,1340598000,57.75404729829524,58
