cnnRegion,totalDoses,pop_est_2020,totalDosesPer100,totalDosesPer100Rounded
North America,543870955,368870000,147.44244720362187,147
Europe,999850276,747636000,133.73490254615882,134
Latin America and the Caribbean,842473788,653962000,128.82610732733707,129
Asia,5702846568,4641055000,122.87823712496404,123
Oceania,51213477,42678000,119.99971179530438,120
Africa,263318357,1340598000,19.64185811108177,20
