cnnRegion,totalDoses,pop_est_2020,totalDosesPer100,totalDosesPer100Rounded
North America,625221575,368870000,169.49645539078807,169
Europe,1216773153,747636000,162.74940652938062,163
Latin America and the Caribbean,1023116415,653962000,156.44890911092693,156
Oceania,65500593,42678000,153.4762477154506,153
Asia,7016995930,4641055000,151.19398348004927,151
Africa,366367201,1340598000,27.328639980068598,27
