cnnRegion,totalDoses,pop_est_2020,totalDosesPer100,totalDosesPer100Rounded
North America,658603054,368870000,178.54611489142516,179
Latin America and the Caribbean,1160705569,653962000,177.48822852092323,177
Asia,7939445258,4641055000,171.0698377416342,171
Oceania,72701408,42678000,170.3486761329022,170
Europe,1262082738,747636000,168.80978684814536,169
Africa,476074324,1340598000,35.512086695638814,36
