cnnRegion,totalDoses,pop_est_2020,totalDosesPer100,totalDosesPer100Rounded
Latin America and the Caribbean,1262745631,653962000,193.09159110162364,193
North America,693866651,368870000,188.1060132295931,188
Asia,8499920606,4641055000,183.14630199383546,183
Europe,1310231701,747636000,175.24994796933265,175
Oceania,74788791,42678000,175.23968086601997,175
Africa,610068691,1340598000,45.50720581412176,46
