cnnRegion,totalDoses,pop_est_2020,totalDosesPer100,totalDosesPer100Rounded
Latin America and the Caribbean,1217476152,653962000,186.169250201082,186
North America,677174922,368870000,183.58091522758696,184
Asia,8170219487,4641055000,176.0422896733609,176
Europe,1284957220,747636000,171.86936156097352,172
Oceania,73590858,42678000,172.43277098270772,172
Africa,518076833,1340598000,38.645204080567034,39
