cnnRegion,totalDoses,pop_est_2020,totalDosesPer100,totalDosesPer100Rounded
North America,604015657,368870000,163.74756879117305,164
Europe,1161609355,747636000,155.37097665173962,155
Latin America and the Caribbean,947999992,653962000,144.96255011759095,145
Asia,6638247671,4641055000,143.03316101619137,143
Oceania,58931305,42678000,138.083567646094,138
Africa,338440742,1340598000,25.24550551321127,25
