cnnRegion,totalDoses,pop_est_2020,totalDosesPer100,totalDosesPer100Rounded
North America,659179037,368870000,178.70226285683304,179
Latin America and the Caribbean,1162055026,653962000,177.69457950156124,178
Asia,7946142928,4641055000,171.2141512651757,171
Oceania,72726566,42678000,170.4076245372323,170
Europe,1262355038,747636000,168.8462083152764,169
Africa,483631185,1340598000,36.075779987736816,36
