cnnRegion,totalDoses,pop_est_2020,totalDosesPer100,totalDosesPer100Rounded
Latin America and the Caribbean,1262920192,653962000,193.11828393698715,193
North America,694301471,368870000,188.22389215712855,188
Asia,8503824676,4641055000,183.23042230699699,183
Europe,1310267517,747636000,175.25473853586504,175
Oceania,74743305,42678000,175.13310136370026,175
Africa,610092269,1340598000,45.50896458147782,46
