cnnRegion,totalDoses,pop_est_2020,totalDosesPer100,totalDosesPer100Rounded
Latin America and the Caribbean,1274768900,653962000,194.93011826375232,195
North America,699892922,368870000,189.7397245642096,190
Asia,8653466878,4641055000,186.45473664931788,186
Europe,1319725882,747636000,176.51984147365832,177
Oceania,75104882,42678000,175.98032241435868,176
Africa,631235182,1340598000,47.08609008815469,47
