cnnRegion,totalDoses,pop_est_2020,totalDosesPer100,totalDosesPer100Rounded
Latin America and the Caribbean,1276605187,653962000,195.2109124077546,195
North America,702409944,368870000,190.4220847453032,190
Asia,8680313790,4641055000,187.03320236454857,187
Europe,1322841749,747636000,176.936604042609,177
Oceania,75079892,42678000,175.9217676554665,176
Africa,633509936,1340598000,47.255772125573806,47
