cnnRegion,totalDoses,pop_est_2020,totalDosesPer100,totalDosesPer100Rounded
Latin America and the Caribbean,1214346636,653962000,185.69070312953963,186
North America,676087440,368870000,183.28610079431778,183
Asia,8152031564,4641055000,175.65039767897602,176
Europe,1284327311,747636000,171.78510812748448,172
Oceania,73526286,42678000,172.281470546886,172
Africa,517965250,1340598000,38.63688070547621,39
