cnnRegion,totalDoses,pop_est_2020,totalDosesPer100,totalDosesPer100Rounded
North America,512901153,368870000,139.04658904221,139
Europe,918377767,747636000,122.83755290007437,123
Latin America and the Caribbean,784039853,653962000,119.89073570023947,120
Oceania,49068643,42678000,114.9740920380524,115
Asia,5250311083,4641055000,113.12753421366477,113
Africa,227499386,1340598000,16.969992943447625,17
