cnnRegion,totalDoses,pop_est_2020,totalDosesPer100,totalDosesPer100Rounded
Latin America and the Caribbean,1256151622,653962000,192.08327425752566,192
North America,691318449,368870000,187.41520020603463,187
Asia,8426588392,4641055000,181.56622561034075,182
Europe,1304752261,747636000,174.51704586189,175
Oceania,74548079,42678000,174.6756619335489,175
Africa,595678842,1340598000,44.433815506214394,44
