cnnRegion,totalDoses,pop_est_2020,totalDosesPer100,totalDosesPer100Rounded
North America,760303225,368870000,206.1168501097948,206
Latin America and the Caribbean,1314886453,653962000,201.06465712075013,201
Asia,8909087380,4641055000,191.96254687781118,192
Oceania,80685800,42678000,189.05712545105206,189
Europe,1356654145,747636000,181.45917866448377,181
Africa,741653270,1340598000,55.32257022612297,55
