cnnRegion,totalDoses,pop_est_2020,totalDosesPer100,totalDosesPer100Rounded
North America,538503443,368870000,145.9873242605796,146
Europe,988314856,747636000,132.1919832645833,132
Latin America and the Caribbean,838501043,653962000,128.21861866591638,128
Asia,5641126992,4641055000,121.54837622049297,122
Oceania,50986954,42678000,119.46893950044519,119
Africa,257556143,1340598000,19.212033957979948,19
