cnnRegion,totalDoses,pop_est_2020,totalDosesPer100,totalDosesPer100Rounded
Latin America and the Caribbean,1222420611,653962000,186.92532761842432,187
North America,678389203,368870000,183.9101046439125,184
Asia,8202809020,4641055000,176.7444906384432,177
Oceania,73654712,42678000,172.58238905290781,173
Europe,1287193702,747636000,172.1685020518006,172
Africa,526888594,1340598000,39.302504852312175,39
