cnnRegion,totalDoses,pop_est_2020,totalDosesPer100,totalDosesPer100Rounded
North America,768750661,368870000,208.4069349635373,208
Latin America and the Caribbean,1326048426,653962000,202.77147999425043,203
Asia,8987355701,4641055000,193.64898069512213,194
Oceania,80906940,42678000,189.57528469000422,190
Europe,1374023366,747636000,183.78239758385095,184
Africa,771344564,1340598000,57.53735004826205,58
