cnnRegion,totalDoses,pop_est_2020,totalDosesPer100,totalDosesPer100Rounded
North America,766769122,368870000,207.8697432699867,208
Latin America and the Caribbean,1323623775,653962000,202.40071670831026,202
Asia,8975603270,4641055000,193.39575312078827,193
Oceania,80820705,42678000,189.3732250808379,189
Europe,1372652518,747636000,183.59903990712058,184
Africa,746916881,1340598000,55.71520179800358,56
