cnnRegion,totalDoses,pop_est_2020,totalDosesPer100,totalDosesPer100Rounded
North America,766769122,368870000,207.8697432699867,208
Latin America and the Caribbean,1323394908,653962000,202.36571972071772,202
Asia,8973503829,4641055000,193.35051683291837,193
Oceania,80820705,42678000,189.3732250808379,189
Europe,1372574800,747636000,183.58864474155874,184
Africa,746916881,1340598000,55.71520179800358,56
