cnnRegion,totalDoses,pop_est_2020,totalDosesPer100,totalDosesPer100Rounded
Latin America and the Caribbean,1267364750,653962000,193.79791945097728,194
North America,697381921,368870000,189.05899666549192,189
Asia,8555375951,4641055000,184.34118860905548,184
Europe,1313889316,747636000,175.7391720034883,176
Oceania,74911493,42678000,175.5271873096209,176
Africa,609518177,1340598000,45.46614100573028,45
