cnnRegion,totalDoses,pop_est_2020,totalDosesPer100,totalDosesPer100Rounded
North America,739969796,368870000,200.60449372407624,201
Latin America and the Caribbean,1298406037,653962000,198.54456940923174,199
Asia,8793513358,4641055000,189.4722936487501,189
Oceania,80378691,42678000,188.337529874877,188
Europe,1344329217,747636000,179.81065879652664,180
Africa,680622494,1340598000,50.77006634352729,51
