cnnRegion,totalDoses,pop_est_2020,totalDosesPer100,totalDosesPer100Rounded
North America,512901153,368870000,139.04658904221,139
Europe,917303020,747636000,122.69380019153706,123
Latin America and the Caribbean,783887003,653962000,119.86736278254699,120
Oceania,49068643,42678000,114.9740920380524,115
Asia,5250291589,4641055000,113.12711417985781,113
Africa,227297838,1340598000,16.954958757211333,17
