cnnRegion,totalDoses,pop_est_2020,totalDosesPer100,totalDosesPer100Rounded
North America,576614101,368870000,156.31905576490362,156
Europe,1103115530,747636000,147.54713924958133,148
Latin America and the Caribbean,900931297,653962000,137.76508375104365,138
Asia,6298681152,4641055000,135.71658064815006,136
Oceania,54396701,42678000,127.45841182810815,127
Africa,309835661,1340598000,23.111750204013433,23
