cnnRegion,totalDoses,pop_est_2020,totalDosesPer100,totalDosesPer100Rounded
Latin America and the Caribbean,1279110811,653962000,195.5940576057936,196
North America,710111389,368870000,192.50993276764171,193
Asia,8713266481,4641055000,187.743228231512,188
Europe,1328164883,747636000,177.64859945213982,178
Oceania,75154149,42678000,176.09576128215943,176
Africa,641329135,1340598000,47.83903414744763,48
