cnnRegion,totalDoses,pop_est_2020,totalDosesPer100,totalDosesPer100Rounded
Latin America and the Caribbean,1237279447,653962000,189.19745291010793,189
North America,682700968,368870000,185.0790164556619,185
Asia,8275271792,4641055000,178.30583330729758,178
Europe,1293463233,747636000,173.00708272474841,173
Oceania,74022609,42678000,173.44441867004076,173
Africa,562791088,1340598000,41.98060029926943,42
