cnnRegion,totalDoses,pop_est_2020,totalDosesPer100,totalDosesPer100Rounded
North America,550348157,368870000,149.1984051291783,149
Europe,1019447927,747636000,136.35618496166583,136
Latin America and the Caribbean,851395905,653962000,130.19042467299323,130
Asia,5802490955,4641055000,125.0252572960243,125
Oceania,51755145,42678000,121.26890903978631,121
Africa,268896672,1340598000,20.057964579985946,20
