cnnRegion,totalDoses,pop_est_2020,totalDosesPer100,totalDosesPer100Rounded
North America,753706812,368870000,204.3285742944669,204
Latin America and the Caribbean,1308320730,653962000,200.0606656044235,200
Asia,8839651055,4641055000,190.46641453290255,190
Oceania,80604548,42678000,188.86674164675009,189
Europe,1351322911,747636000,180.7460998400291,181
Africa,702103397,1340598000,52.37240373325933,52
