cnnRegion,totalDoses,pop_est_2020,totalDosesPer100,totalDosesPer100Rounded
Latin America and the Caribbean,1268780875,653962000,194.01446490774694,194
North America,697621694,368870000,189.12399869872857,189
Asia,8581977793,4641055000,184.91437384387817,185
Europe,1315317757,747636000,175.9302330278371,176
Oceania,74911493,42678000,175.5271873096209,176
Africa,618902278,1340598000,46.166134665276246,46
