cnnRegion,totalDoses,pop_est_2020,totalDosesPer100,totalDosesPer100Rounded
North America,763380989,368870000,206.95122644834223,207
Latin America and the Caribbean,1318847358,653962000,201.67033527941987,202
Asia,8935341519,4641055000,192.52824021693345,193
Oceania,80726446,42678000,189.1523642157552,189
Europe,1366939284,747636000,182.83486669983787,183
Africa,742081131,1340598000,55.35448590852739,55
