cnnRegion,totalDoses,pop_est_2020,totalDosesPer100,totalDosesPer100Rounded
North America,650805308,368870000,176.43215983950986,176
Latin America and the Caribbean,1145190865,653962000,175.1158117749961,175
Asia,7847584527,4641055000,169.09053064443322,169
Oceania,72244413,42678000,169.27787853226485,169
Europe,1257798894,747636000,168.23680159863892,168
Africa,474304119,1340598000,35.38004077284913,35
