cnnRegion,totalDoses,pop_est_2020,totalDosesPer100,totalDosesPer100Rounded
Latin America and the Caribbean,1272366960,653962000,194.5628278095669,195
North America,698961317,368870000,189.48716810800553,189
Asia,8609954591,4641055000,185.51718501504507,186
Europe,1317943479,747636000,176.28143628717717,176
Oceania,74999115,42678000,175.73249683677773,176
Africa,618948061,1340598000,46.169549783007284,46
