cnnRegion,totalDoses,pop_est_2020,totalDosesPer100,totalDosesPer100Rounded
North America,753766414,368870000,204.34473229050886,204
Latin America and the Caribbean,1308995077,653962000,200.16378275801955,200
Asia,8850923936,4641055000,190.70930932729735,191
Oceania,80606354,42678000,188.87097333520785,189
Europe,1353737359,747636000,181.0690441605273,181
Africa,703657740,1340598000,52.48834773735304,52
