cnnRegion,totalDoses,pop_est_2020,totalDosesPer100,totalDosesPer100Rounded
Latin America and the Caribbean,1192519318,653962000,182.3529987980953,182
North America,669858452,368870000,181.5974332420636,182
Asia,8062655619,4641055000,173.72462983093286,174
Oceania,73262292,42678000,171.66289891747505,172
Europe,1276297810,747636000,170.7111227923749,171
Africa,498412577,1340598000,37.178376888522884,37
