cnnRegion,totalDoses,pop_est_2020,totalDosesPer100,totalDosesPer100Rounded
Latin America and the Caribbean,1200838139,653962000,183.62506368871584,184
North America,673013539,368870000,182.45277170818989,182
Asia,8096780680,4641055000,174.4599165491467,174
Oceania,73371113,42678000,171.91788040676695,172
Europe,1278030733,747636000,170.94290978497557,171
Africa,509774816,1340598000,38.025926937083305,38
