cnnRegion,totalDoses,pop_est_2020,totalDosesPer100,totalDosesPer100Rounded
North America,624381717,368870000,169.26877138287202,169
Europe,1215448695,747636000,162.57225374380047,163
Latin America and the Caribbean,1019837901,653962000,155.94757814674247,156
Oceania,65244298,42678000,152.87571582548384,153
Asia,7003819595,4641055000,150.91007529538004,151
Africa,365821483,1340598000,27.287932922471914,27
