cnnRegion,totalDoses,pop_est_2020,totalDosesPer100,totalDosesPer100Rounded
North America,637651135,368870000,172.8660869683086,173
Europe,1241899779,747636000,166.1102166027318,166
Latin America and the Caribbean,1086139444,653962000,166.08601784201528,166
Oceania,69238563,42678000,162.2347884155771,162
Asia,7470050998,4641055000,160.95588175533365,161
Africa,422565827,1340598000,31.520696510064912,32
