cnnRegion,totalDoses,pop_est_2020,totalDosesPer100,totalDosesPer100Rounded
Latin America and the Caribbean,1249221434,653962000,191.02355090968587,191
North America,688428852,368870000,186.63183560604006,187
Asia,8376440757,4641055000,180.48570329375542,180
Europe,1301990446,747636000,174.14763949301533,174
Oceania,74313212,42678000,174.12533858193916,174
Africa,593711016,1340598000,44.28702832616489,44
