cnnRegion,totalDoses,pop_est_2020,totalDosesPer100,totalDosesPer100Rounded
Latin America and the Caribbean,1238474956,653962000,189.38026307338959,189
North America,684257385,368870000,185.50095833220374,186
Asia,8280213616,4641055000,178.41231392431246,178
Oceania,74072223,42678000,173.56067060312103,174
Europe,1294241427,747636000,173.1111700078648,173
Africa,562983949,1340598000,41.99498649110323,42
