cnnRegion,totalDoses,pop_est_2020,totalDosesPer100,totalDosesPer100Rounded
North America,655900507,368870000,177.81345921327295,178
Latin America and the Caribbean,1155585936,653962000,176.70536453188413,177
Asia,7907838982,4641055000,170.388822843082,170
Oceania,72500886,42678000,169.87882749894558,170
Europe,1260425900,747636000,168.5881765993077,169
Africa,474293394,1340598000,35.37924075673692,35
