cnnRegion,totalDoses,pop_est_2020,totalDosesPer100,totalDosesPer100Rounded
North America,653377614,368870000,177.12950741453628,177
Latin America and the Caribbean,1149197246,653962000,175.7284438545359,176
Asia,7873474662,4641055000,169.64838085306036,170
Oceania,72375706,42678000,169.5855147851352,170
Europe,1258957263,747636000,168.3917391618381,168
Africa,473923021,1340598000,35.35161330988112,35
