cnnRegion,totalDoses,pop_est_2020,totalDosesPer100,totalDosesPer100Rounded
North America,540384920,368870000,146.49738932415215,146
Europe,992987830,747636000,132.8170165695606,133
Latin America and the Caribbean,839961481,653962000,128.44194020447674,128
Asia,5656256309,4641055000,121.87436496658626,122
Oceania,51105836,42678000,119.7474951965884,120
Africa,263128138,1340598000,19.627668995478135,20
