cnnRegion,totalDoses,pop_est_2020,totalDosesPer100,totalDosesPer100Rounded
Latin America and the Caribbean,1275750486,653962000,195.08021658750815,195
North America,702359617,368870000,190.4084411852414,190
Asia,8673115380,4641055000,186.87809948384583,187
Europe,1322051097,747636000,176.83085044058873,177
Oceania,75060793,42678000,175.87701626130558,176
Africa,632051711,1340598000,47.14699790690423,47
