cnnRegion,totalDoses,pop_est_2020,totalDosesPer100,totalDosesPer100Rounded
Latin America and the Caribbean,1295435918,653962000,198.09039638388774,198
North America,719222172,368870000,194.97984981158675,195
Asia,8743091725,4641055000,188.38586754520256,188
Europe,1332078775,747636000,178.17210179820125,178
Oceania,75231646,42678000,176.27734664229814,176
Africa,662561536,1340598000,49.4228348841338,49
