cnnRegion,totalDoses,pop_est_2020,totalDosesPer100,totalDosesPer100Rounded
North America,543870955,368870000,147.44244720362187,147
Europe,1000340317,747636000,133.8004479452568,134
Latin America and the Caribbean,842473788,653962000,128.82610732733707,129
Asia,5702928297,4641055000,122.87999812542623,123
Oceania,51213477,42678000,119.99971179530438,120
Africa,263737304,1340598000,19.67310886634174,20
