cnnRegion,totalDoses,pop_est_2020,totalDosesPer100,totalDosesPer100Rounded
North America,750797488,368870000,203.53986173990836,204
Latin America and the Caribbean,1307845093,653962000,199.98793400839804,200
Asia,8835769426,4641055000,190.38277775204128,190
Oceania,80559357,42678000,188.7608533670744,189
Europe,1350930106,747636000,180.69356023519467,181
Africa,702091131,1340598000,52.37148876844513,52
