cnnRegion,totalDoses,pop_est_2020,totalDosesPer100,totalDosesPer100Rounded
North America,739969796,368870000,200.60449372407624,201
Latin America and the Caribbean,1298255497,653962000,198.52154972307258,199
Asia,8791577187,4641055000,189.4305753110015,189
Oceania,80369294,42678000,188.31551150475653,188
Europe,1343843853,747636000,179.745738969231,180
Africa,680614639,1340598000,50.76948041098077,51
