cnnRegion,totalDoses,pop_est_2020,totalDosesPer100,totalDosesPer100Rounded
North America,570673846,368870000,154.70866321468267,155
Europe,1081084313,747636000,144.60035538684602,145
Latin America and the Caribbean,888672318,653962000,135.8905132102477,136
Asia,6130624783,4641055000,132.09549947156412,132
Oceania,53737942,42678000,125.91485542902667,126
Africa,297107539,1340598000,22.16231405686119,22
