cnnRegion,totalDoses,pop_est_2020,totalDosesPer100,totalDosesPer100Rounded
North America,645459562,368870000,174.98293762029985,175
Latin America and the Caribbean,1134658112,653962000,173.50520550123707,174
Asia,7786120948,4641055000,167.76618566252716,168
Europe,1254582535,747636000,167.8065977293763,168
Oceania,71814560,42678000,168.2706781011294,168
Africa,464801770,1340598000,34.671226572022334,35
