cnnRegion,totalDoses,pop_est_2020,totalDosesPer100,totalDosesPer100Rounded
Latin America and the Caribbean,1296134939,653962000,198.19728653958487,198
North America,729576218,368870000,197.786813240437,198
Asia,8767914435,4641055000,188.92071813413114,189
Europe,1338646477,747636000,179.05056431204488,179
Oceania,75324994,42678000,176.49607291813112,176
Africa,669675463,1340598000,49.95348814484282,50
