cnnRegion,totalDoses,pop_est_2020,totalDosesPer100,totalDosesPer100Rounded
North America,592075066,368870000,160.51049583864233,161
Europe,1130519050,747636000,151.2124951179451,151
Latin America and the Caribbean,916618198,653962000,140.16383184344045,140
Asia,6463853333,4641055000,139.27551673057096,139
Oceania,56264195,42678000,131.83418857490977,132
Africa,325090356,1340598000,24.24965246852524,24
