cnnRegion,totalDoses,pop_est_2020,totalDosesPer100,totalDosesPer100Rounded
North America,622329606,368870000,168.7124477458183,169
Europe,1209455356,747636000,161.7706151121669,162
Latin America and the Caribbean,1011260717,653962000,154.63600591471675,155
Oceania,64341609,42678000,150.76060030929284,151
Asia,6950463691,4641055000,149.7604249680299,150
Africa,357842876,1340598000,26.69278008769221,27
