cnnRegion,totalDoses,pop_est_2020,totalDosesPer100,totalDosesPer100Rounded
North America,593486101,368870000,160.89302491392633,161
Europe,1135177992,747636000,151.8356515737605,152
Latin America and the Caribbean,919148357,653962000,140.5507287885229,141
Asia,6491733396,4641055000,139.87624356961942,140
Oceania,56334384,42678000,131.9986503584985,132
Africa,330247955,1340598000,24.63437622613192,25
