cnnRegion,totalDoses,pop_est_2020,totalDosesPer100,totalDosesPer100Rounded
North America,734358902,368870000,199.08339035432536,199
Latin America and the Caribbean,1298013890,653962000,198.4846046100538,198
Asia,8790597968,4641055000,189.4094762505508,189
Oceania,80370119,42678000,188.3174445850321,188
Europe,1342933729,747636000,179.62400539834894,180
Africa,680597842,1340598000,50.76822746266964,51
