cnnRegion,totalDoses,pop_est_2020,totalDosesPer100,totalDosesPer100Rounded
Latin America and the Caribbean,1296200198,653962000,198.2072655597726,198
North America,729601373,368870000,197.79363271613306,198
Asia,8769503713,4641055000,188.9549620291076,189
Oceania,80292378,42678000,188.13528750175735,188
Europe,1338914543,747636000,179.08641946080712,179
Africa,669688085,1340598000,49.954429664970405,50
