cnnRegion,totalDoses,pop_est_2020,totalDosesPer100,totalDosesPer100Rounded
Latin America and the Caribbean,1260374984,653962000,192.72908578785922,193
North America,691939781,368870000,187.5836422045707,188
Asia,8486974130,4641055000,182.86734654081883,183
Europe,1308860831,747636000,175.06658734999385,175
Oceania,74774475,42678000,175.20613665120203,175
Africa,609427947,1340598000,45.459410427286926,45
