cnnRegion,totalDoses,pop_est_2020,totalDosesPer100,totalDosesPer100Rounded
North America,653790111,368870000,177.2413346165316,177
Latin America and the Caribbean,1152402933,653962000,176.21863854474725,176
Asia,7887082908,4641055000,169.94159534847142,170
Oceania,72448054,42678000,169.75503538122686,170
Europe,1259972187,747636000,168.52749024926567,169
Africa,474110453,1340598000,35.365594533185934,35
