cnnRegion,totalDoses,pop_est_2020,totalDosesPer100,totalDosesPer100Rounded
Latin America and the Caribbean,1189538147,653962000,181.89713576629836,182
North America,668262247,368870000,181.16470490958875,181
Asia,8044421333,4641055000,173.33173886109947,173
Oceania,73171003,42678000,171.44899714138433,171
Europe,1274600860,747636000,170.48414736583044,170
Africa,497486860,1340598000,37.10932434629919,37
