cnnRegion,totalDoses,pop_est_2020,totalDosesPer100,totalDosesPer100Rounded
Latin America and the Caribbean,1275449082,653962000,195.03412767102674,195
North America,702028862,368870000,190.31877409385422,190
Asia,8668898369,4641055000,186.7872362857152,187
Europe,1320945932,747636000,176.6830291746251,177
Oceania,75125906,42678000,176.02958432916256,176
Africa,631948739,1340598000,47.13931685710407,47
