cnnRegion,totalDoses,pop_est_2020,totalDosesPer100,totalDosesPer100Rounded
Latin America and the Caribbean,1275109473,653962000,194.9821966719779,195
North America,702028862,368870000,190.31877409385422,190
Asia,8663062390,4641055000,186.66148946737326,187
Europe,1320612490,747636000,176.6384296636331,177
Oceania,75104882,42678000,175.98032241435868,176
Africa,631939552,1340598000,47.13863156591312,47
