cnnRegion,totalDoses,pop_est_2020,totalDosesPer100,totalDosesPer100Rounded
Latin America and the Caribbean,1190286778,653962000,182.01161198968748,182
North America,668519334,368870000,181.23440073738715,181
Asia,8048654844,4641055000,173.42295758184292,173
Europe,1275074427,747636000,170.5474892862302,171
Oceania,73171003,42678000,171.44899714138433,171
Africa,497549187,1340598000,37.1139735401664,37
