cnnRegion,totalDoses,pop_est_2020,totalDosesPer100,totalDosesPer100Rounded
North America,525495794,368870000,142.46097378480223,142
Europe,960479430,747636000,128.4688578399114,128
Latin America and the Caribbean,822976622,653962000,125.844716053838,126
Asia,5508733137,4641055000,118.69570899289063,119
Oceania,50359608,42678000,117.9989877688739,118
Africa,245915871,1340598000,18.343744433454322,18
