cnnRegion,totalDoses,pop_est_2020,totalDosesPer100,totalDosesPer100Rounded
North America,626544584,368870000,169.8551207742565,170
Europe,1219724362,747636000,163.14414527925354,163
Latin America and the Caribbean,1030237673,653962000,157.5378497527379,158
Oceania,65929627,42678000,154.48152912507615,154
Asia,7042366518,4641055000,151.74063910037697,152
Africa,366972714,1340598000,27.37380736059579,27
