cnnRegion,totalDoses,pop_est_2020,totalDosesPer100,totalDosesPer100Rounded
North America,760314795,368870000,206.11998671618727,206
Latin America and the Caribbean,1315294982,653962000,201.12712695844715,201
Asia,8920542443,4641055000,192.20936711588206,192
Oceania,80685800,42678000,189.05712545105206,189
Europe,1356926500,747636000,181.49560748813593,181
Africa,741653270,1340598000,55.32257022612297,55
