cnnRegion,totalDoses,pop_est_2020,totalDosesPer100,totalDosesPer100Rounded
Latin America and the Caribbean,1296105448,653962000,198.19277695034268,198
North America,725062893,368870000,196.56325887168921,197
Asia,8767602043,4641055000,188.91398707836905,189
Europe,1337725197,747636000,178.92733857117636,179
Oceania,75324994,42678000,176.49607291813112,176
Africa,669567057,1340598000,49.9454017535458,50
