cnnRegion,totalDoses,pop_est_2020,totalDosesPer100,totalDosesPer100Rounded
North America,638038628,368870000,172.9711356304389,173
Latin America and the Caribbean,1091390863,653962000,166.88903376648796,167
Europe,1243254075,747636000,166.29136036787955,166
Oceania,69341289,42678000,162.475488542106,162
Asia,7486691922,4641055000,161.31444083295716,161
Africa,423071112,1340598000,31.55838752556695,32
