cnnRegion,totalDoses,pop_est_2020,totalDosesPer100,totalDosesPer100Rounded
Latin America and the Caribbean,1279604096,653962000,195.66948782956808,196
North America,710161381,368870000,192.5234855098002,193
Asia,8715185313,4641055000,187.7845729688616,188
Europe,1327003002,747636000,177.49319214163043,177
Oceania,75154149,42678000,176.09576128215943,176
Africa,641329135,1340598000,47.83903414744763,48
