cnnRegion,totalDoses,pop_est_2020,totalDosesPer100,totalDosesPer100Rounded
North America,761705174,368870000,206.49691598666195,206
Latin America and the Caribbean,1318014658,653962000,201.54300372192878,202
Asia,8928062347,4641055000,192.37139717154827,192
Oceania,80657268,42678000,188.99027133417684,189
Europe,1357324636,747636000,181.54886014049617,182
Africa,741725096,1340598000,55.327927984377126,55
