cnnRegion,totalDoses,pop_est_2020,totalDosesPer100,totalDosesPer100Rounded
North America,760314795,368870000,206.11998671618727,206
Latin America and the Caribbean,1315482757,653962000,201.15584040051257,201
Asia,8920906659,4641055000,192.21721481430407,192
Oceania,80706144,42678000,189.10479403908337,189
Europe,1357034643,747636000,181.51007214740864,182
Africa,741653270,1340598000,55.32257022612297,55
