cnnRegion,totalDoses,pop_est_2020,totalDosesPer100,totalDosesPer100Rounded
Latin America and the Caribbean,1181277856,653962000,180.63402093699634,181
North America,666619977,368870000,180.71948843766097,181
Asia,8014535887,4641055000,172.687802385449,173
Oceania,73044332,42678000,171.1521908243123,171
Europe,1273622684,747636000,170.35331150452896,170
Africa,493972996,1340598000,36.847212661812115,37
