cnnRegion,totalDoses,pop_est_2020,totalDosesPer100,totalDosesPer100Rounded
Latin America and the Caribbean,1253799634,653962000,191.7236221676489,192
North America,688428852,368870000,186.63183560604006,187
Asia,8381494308,4641055000,180.59459127288946,181
Europe,1302086467,747636000,174.16048277504026,174
Oceania,74345229,42678000,174.20035849852383,174
Africa,593596253,1340598000,44.27846774349955,44
