cnnRegion,totalDoses,pop_est_2020,totalDosesPer100,totalDosesPer100Rounded
North America,756351039,368870000,205.04541952449372,205
Latin America and the Caribbean,1313563919,653962000,200.86242304598736,201
Asia,8862798810,4641055000,190.96517515952732,191
Oceania,80650128,42678000,188.97354140306481,189
Europe,1354820251,747636000,181.21388630296028,181
Africa,703670779,1340598000,52.48932036300218,52
