cnnRegion,totalDoses,pop_est_2020,totalDosesPer100,totalDosesPer100Rounded
North America,765954755,368870000,207.64896982676822,208
Latin America and the Caribbean,1322287292,653962000,202.19634963499408,202
Asia,8966748475,4641055000,193.2049604023223,193
Oceania,80762472,42678000,189.23677773091524,189
Europe,1371280692,747636000,183.41555141806975,183
Africa,746813684,1340598000,55.70750396464861,56
