cnnRegion,totalDoses,pop_est_2020,totalDosesPer100,totalDosesPer100Rounded
North America,613676848,368870000,166.36670046357796,166
Europe,1187848658,747636000,158.88061275808013,159
Latin America and the Caribbean,977602825,653962000,149.48924020050094,149
Asia,6811438500,4641055000,146.76487350397701,147
Oceania,61877576,42678000,144.98705656310042,145
Africa,348102275,1340598000,25.96619381798272,26
