cnnRegion,totalDoses,pop_est_2020,totalDosesPer100,totalDosesPer100Rounded
North America,768155907,368870000,208.24569821346276,208
Latin America and the Caribbean,1325217610,653962000,202.644436526893,203
Asia,8986019592,4641055000,193.6201917882895,194
Oceania,80906940,42678000,189.57528469000422,190
Europe,1373874566,747636000,183.76249485043525,184
Africa,760015686,1340598000,56.69228851602046,57
