cnnRegion,totalDoses,pop_est_2020,totalDosesPer100,totalDosesPer100Rounded
Latin America and the Caribbean,1239161473,653962000,189.4852411913842,189
North America,684359705,368870000,185.52869710196006,186
Asia,8285748295,4641055000,178.53156868427544,179
Oceania,74085794,42678000,173.59246918787196,174
Europe,1294587128,747636000,173.1574092205298,173
Africa,563103942,1340598000,42.00393719817574,42
