cnnRegion,totalDoses,pop_est_2020,totalDosesPer100,totalDosesPer100Rounded
North America,659686878,368870000,178.83993764740967,179
Latin America and the Caribbean,1162557789,653962000,177.77145904502098,178
Asia,7948562019,4641055000,171.26627499566368,171
Europe,1268516210,747636000,169.67029543788686,170
Oceania,72740983,42678000,170.4414054079385,170
Africa,479606213,1340598000,35.77554292934944,36
