cnnRegion,totalDoses,pop_est_2020,totalDosesPer100,totalDosesPer100Rounded
North America,768155907,368870000,208.24569821346276,208
Latin America and the Caribbean,1325726066,653962000,202.72218661023115,203
Asia,8986461527,4641055000,193.62971408440538,194
Oceania,80906940,42678000,189.57528469000422,190
Europe,1373906044,747636000,183.76670518808618,184
Africa,771423932,1340598000,57.54327039127315,58
