cnnRegion,totalDoses,pop_est_2020,totalDosesPer100,totalDosesPer100Rounded
Latin America and the Caribbean,1234223089,653962000,188.73009272710036,189
North America,682700968,368870000,185.0790164556619,185
Asia,8258733871,4641055000,177.94949361729175,178
Europe,1292903747,747636000,172.93224871461516,173
Oceania,73961231,42678000,173.30060218379492,173
Africa,539372198,1340598000,40.233701527228895,40
