cnnRegion,totalDoses,pop_est_2020,totalDosesPer100,totalDosesPer100Rounded
North America,766769122,368870000,207.8697432699867,208
Latin America and the Caribbean,1323254907,653962000,202.3443115960866,202
Asia,8972885973,4641055000,193.33720399779793,193
Oceania,80820435,42678000,189.37259243638408,189
Europe,1372003757,747636000,183.51226492571251,184
Africa,746916881,1340598000,55.71520179800358,56
