cnnRegion,totalDoses,pop_est_2020,totalDosesPer100,totalDosesPer100Rounded
North America,644544213,368870000,174.73478813674194,175
Latin America and the Caribbean,1128592489,653962000,172.5776863181653,173
Europe,1253183222,747636000,167.61943271859568,168
Asia,7764673589,4641055000,167.30406317098158,167
Oceania,71235774,42678000,166.91450864614086,167
Africa,450723336,1340598000,33.621065822864125,34
