cnnRegion,totalDoses,pop_est_2020,totalDosesPer100,totalDosesPer100Rounded
Latin America and the Caribbean,1297288677,653962000,198.3737093286766,198
North America,729652229,368870000,197.80741968715265,198
Asia,8773948545,4641055000,189.05073404646143,189
Oceania,80374954,42678000,188.32877360701065,188
Europe,1339201655,747636000,179.12482210594462,179
Africa,669688796,1340598000,49.954482701003585,50
