cnnRegion,totalDoses,pop_est_2020,totalDosesPer100,totalDosesPer100Rounded
North America,583984985,368870000,158.3172892889094,158
Europe,1112690248,747636000,148.82780497461331,149
Latin America and the Caribbean,905209289,653962000,138.41924897776937,138
Asia,6358716987,4641055000,137.01016227991266,137
Oceania,54983647,42678000,128.8337012043676,129
Africa,317108995,1340598000,23.654294203034766,24
