cnnRegion,totalDoses,pop_est_2020,totalDosesPer100,totalDosesPer100Rounded
Latin America and the Caribbean,1276179703,653962000,195.14584991176858,195
North America,702375314,368870000,190.41269661398326,190
Asia,8675345711,4641055000,186.92615603564275,187
Europe,1322550124,747636000,176.8975977614775,177
Oceania,75079892,42678000,175.9217676554665,176
Africa,632058404,1340598000,47.1474971617144,47
