cnnRegion,totalDoses,pop_est_2020,totalDosesPer100,totalDosesPer100Rounded
North America,617545458,368870000,167.4154737441375,167
Europe,1198163737,747636000,160.26030541600457,160
Latin America and the Caribbean,994111111,653962000,152.01358962753187,152
Asia,6872828374,4641055000,148.08763037714485,148
Oceania,62871668,42678000,147.31634097192935,147
Africa,355608441,1340598000,26.526105588699966,27
