cnnRegion,totalDoses,pop_est_2020,totalDosesPer100,totalDosesPer100Rounded
North America,765980271,368870000,207.6558871689213,208
Latin America and the Caribbean,1322530184,653962000,202.23349124261043,202
Asia,8971165578,4641055000,193.3001349477651,193
Oceania,80806953,42678000,189.34100238999017,189
Europe,1371646320,747636000,183.46445596520232,183
Africa,746867399,1340598000,55.7115107586316,56
