cnnRegion,totalDoses,pop_est_2020,totalDosesPer100,totalDosesPer100Rounded
North America,745342063,368870000,202.0609057391493,202
Latin America and the Caribbean,1299464977,653962000,198.70649624901753,199
Asia,8804317360,4641055000,189.7050855893757,190
Oceania,80392952,42678000,188.37094521767654,188
Europe,1345909382,747636000,180.02201365370314,180
Africa,689225251,1340598000,51.41177675932681,51
