cnnRegion,totalDoses,pop_est_2020,totalDosesPer100,totalDosesPer100Rounded
North America,739969796,368870000,200.60449372407624,201
Latin America and the Caribbean,1298059568,653962000,198.49158941956873,198
Asia,8790894540,4641055000,189.41586643554103,189
Oceania,80370119,42678000,188.3174445850321,188
Europe,1343716759,747636000,179.72873952030133,180
Africa,680606600,1340598000,50.76888075321611,51
