cnnRegion,totalDoses,pop_est_2020,totalDosesPer100,totalDosesPer100Rounded
North America,646569419,368870000,175.28381787621657,175
Latin America and the Caribbean,1135637175,653962000,173.65491802275974,174
Asia,7793967661,4641055000,167.93525741453183,168
Europe,1255577072,747636000,167.93962195506904,168
Oceania,71862452,42678000,168.38289516847087,168
Africa,464912481,1340598000,34.6794849015141,35
