cnnRegion,totalDoses,pop_est_2020,totalDosesPer100,totalDosesPer100Rounded
North America,657446821,368870000,178.23266218450945,178
Latin America and the Caribbean,1158263569,653962000,177.1148123285451,177
Asia,7923737480,4641055000,170.73138499759216,171
Oceania,72647305,42678000,170.2219058999953,170
Europe,1260940358,747636000,168.65698789250382,169
Africa,474374237,1340598000,35.385271125273945,35
