cnnRegion,totalDoses,pop_est_2020,totalDosesPer100,totalDosesPer100Rounded
Latin America and the Caribbean,1226520410,653962000,187.55224462583453,188
North America,680894169,368870000,184.58919646487922,185
Asia,8217610925,4641055000,177.06342469546257,177
Europe,1290075352,747636000,172.5539369425763,173
Oceania,73717009,42678000,172.72835887342424,173
Africa,528491688,1340598000,39.422085367873144,39
