cnnRegion,totalDoses,pop_est_2020,totalDosesPer100,totalDosesPer100Rounded
North America,758572226,368870000,205.64757936400358,206
Latin America and the Caribbean,1314733094,653962000,201.04120636978905,201
Asia,8907878815,4641055000,191.93650613922912,192
Oceania,80685800,42678000,189.05712545105206,189
Europe,1356565900,747636000,181.44737546078574,181
Africa,741653270,1340598000,55.32257022612297,55
