cnnRegion,totalDoses,pop_est_2020,totalDosesPer100,totalDosesPer100Rounded
Latin America and the Caribbean,1295678556,653962000,198.12749915132684,198
North America,719222172,368870000,194.97984981158675,195
Asia,8749859983,4641055000,188.5317020160287,189
Europe,1332223194,747636000,178.1914185512736,178
Oceania,75231646,42678000,176.27734664229814,176
Africa,662569346,1340598000,49.42341745996936,49
