cnnRegion,totalDoses,pop_est_2020,totalDosesPer100,totalDosesPer100Rounded
North America,769244387,368870000,208.54078320275437,209
Latin America and the Caribbean,1328082028,653962000,203.08244638067654,203
Asia,8991360053,4641055000,193.73526176699048,194
Oceania,80922572,42678000,189.61191246075262,190
Europe,1374474213,747636000,183.84270059226682,184
Africa,774321436,1340598000,57.759405578704424,58
