cnnRegion,totalDoses,pop_est_2020,totalDosesPer100,totalDosesPer100Rounded
North America,640779745,368870000,173.71424756689348,174
Latin America and the Caribbean,1109958515,653962000,169.72828925839727,170
Europe,1247580671,747636000,166.870063908105,167
Oceania,70311771,42678000,164.74945170814001,165
Asia,7504178823,4641055000,161.69122802897186,162
Africa,440077073,1340598000,32.826922985115594,33
