cnnRegion,totalDoses,pop_est_2020,totalDosesPer100,totalDosesPer100Rounded
Latin America and the Caribbean,1279729988,653962000,195.68873848939234,196
North America,715011906,368870000,193.8384541979559,194
Asia,8740073450,4641055000,188.32083330191088,188
Europe,1329506807,747636000,177.82808840130758,178
Oceania,75176496,42678000,176.14812315478702,176
Africa,649171965,1340598000,48.42405889013709,48
