cnnRegion,totalDoses,pop_est_2020,totalDosesPer100,totalDosesPer100Rounded
North America,640289242,368870000,173.58127307723586,174
Latin America and the Caribbean,1107123920,653962000,169.2948397613317,169
Europe,1246708909,747636000,166.7534614438042,167
Oceania,70197198,42678000,164.48099254885423,164
Asia,7488359929,4641055000,161.35038108792074,161
Africa,439841625,1340598000,32.809360076622525,33
