cnnRegion,totalDoses,pop_est_2020,totalDosesPer100,totalDosesPer100Rounded
North America,644923339,368870000,174.83756852007483,175
Latin America and the Caribbean,1131546464,653962000,173.0293906985421,173
Europe,1253918314,747636000,167.71775489676796,168
Oceania,71665106,42678000,167.92048830779325,168
Asia,7770501576,4641055000,167.429637787098,167
Africa,455113031,1340598000,33.948508874397845,34
