cnnRegion,totalDoses,pop_est_2020,totalDosesPer100,totalDosesPer100Rounded
North America,576605386,368870000,156.31669314392605,156
Europe,1099556751,747636000,147.07113501757541,147
Latin America and the Caribbean,898086110,653962000,137.3300145880036,137
Asia,6244815866,4641055000,134.5559547559768,135
Oceania,54136162,42678000,126.84793570457846,127
Africa,305391118,1340598000,22.78021584397411,23
