cnnRegion,totalDoses,pop_est_2020,totalDosesPer100,totalDosesPer100Rounded
North America,639280014,368870000,173.30767316398732,173
Latin America and the Caribbean,1098993008,653962000,168.0515088032638,168
Europe,1244756703,747636000,166.49234426913634,166
Oceania,69789142,42678000,163.52486527016262,164
Asia,7450964188,4641055000,160.54462160004567,161
Africa,429412861,1340598000,32.03144126725536,32
