cnnRegion,totalDoses,pop_est_2020,totalDosesPer100,totalDosesPer100Rounded
Latin America and the Caribbean,1177315425,653962000,180.02810943143487,180
North America,664772890,368870000,180.2187464418359,180
Asia,7999680975,4641055000,172.36772619587572,172
Oceania,73038834,42678000,171.1393083087305,171
Europe,1272542318,747636000,170.20880722704632,170
Africa,493126063,1340598000,36.784036899950614,37
