cnnRegion,totalDoses,pop_est_2020,totalDosesPer100,totalDosesPer100Rounded
Latin America and the Caribbean,1270580051,653962000,194.28958425718926,194
North America,697662758,368870000,189.13513107598882,189
Asia,8587327632,4641055000,185.02964588870418,185
Europe,1315623824,747636000,175.97117099765129,176
Oceania,74936141,42678000,175.58494071887154,176
Africa,618897483,1340598000,46.16577698907503,46
