cnnRegion,totalDoses,pop_est_2020,totalDosesPer100,totalDosesPer100Rounded
North America,748601125,368870000,202.94443164258408,203
Latin America and the Caribbean,1302643924,653962000,199.19260201663093,199
Asia,8820581877,4641055000,190.05553429123333,190
Oceania,80350585,42678000,188.27167393036223,188
Europe,1349317915,747636000,180.4779217426662,180
Africa,691632074,1340598000,51.59131029585304,52
