cnnRegion,totalDoses,pop_est_2020,totalDosesPer100,totalDosesPer100Rounded
North America,561813732,368870000,152.30670209016728,152
Europe,1057875298,747636000,141.49603523639846,141
Latin America and the Caribbean,871871943,653962000,133.32149926142498,133
Asia,5948209202,4641055000,128.16502286656805,128
Oceania,52861492,42678000,123.86122123810863,124
Africa,287089343,1340598000,21.41502098317318,21
